model,model_revision,dataset,condition,condition_code,evaluated_items,subset_target_rows,subset_replicate,subset_membership_sha256,effective_batch_size,precision_or_quantization,max_pixels_override,accuracy_pct,delta_accuracy_pp,bias_score,bias_assessable_n,bias_null_n,bias_present_n,bias_present_rate,reasoning_quality_score,judgeable_n,runtime_min,nvml_gpu_energy_kwh,operational_co2e_kg,estimated_water_primary_low_l,estimated_water_primary_high_l
qwen25_vl_7b,cc594898137f460bfe9f0759e9844b3ce807cfb5,bbq,M0 baseline,M0,2000,,,,1,BF16,,88.9,0.0,5.6395,2000,0,249,0.1245,88.655,2000,53.1856,0.1811976661111111,0.010690662300555554,0.3893527389806785,0.8652283088459523
qwen25_vl_7b,cc594898137f460bfe9f0759e9844b3ce807cfb5,bbq,M1 larger batch,M1,2000,,,,8,BF16,,88.7,-0.2,5.6115,2000,0,240,0.12,88.697,2000,11.9813,0.040171702777777776,0.002370130463888889,0.08648863570135054,0.19219696822522342
qwen25_vl_7b,cc594898137f460bfe9f0759e9844b3ce807cfb5,bbq,M2 INT8,M2,2000,,,,1,INT8,,88.75,-0.15,5.5853,1999,1,254,0.1271,88.6035,2000,436.5429,0.771184646111111,0.04549989412055555,2.137900015404682,4.750888923121516
qwen25_vl_7b,cc594898137f460bfe9f0759e9844b3ce807cfb5,bbq,M3 INT4,M3,2000,,,,1,INT4,,84.45,-4.45,6.6918,1999,1,289,0.1446,86.4705,2000,56.7527,0.15023637499999998,0.008863946124999997,0.3373428159442112,0.7496507020982471
qwen25_vl_7b,cc594898137f460bfe9f0759e9844b3ce807cfb5,bbq,M4 reduced 75%,M4,1500,1500,,d697ab3a896b5b9cecdd71d4c8faaa72bf04c174b7b5b4fcfd7847b941a56098,1,BF16,,88.666667,-0.233333,5.894,1500,0,191,0.1273,88.5653,1500,39.8358,0.13552409333333332,0.007995921506666667,0.29118097476836047,0.6470688328185789
qwen25_vl_7b,cc594898137f460bfe9f0759e9844b3ce807cfb5,bbq,M4 reduced 50% rep1,M4,1000,1000,1,d268e1ec695766061b067b5f9f0ed6571dc5c1f359d175f8e912bb7694efe357,1,BF16,,88.7,-0.2,5.914,1000,0,127,0.127,88.297,1000,26.9249,0.09012072194444444,0.005317122594722222,0.19421465154630396,0.43158811454734214
qwen25_vl_7b,cc594898137f460bfe9f0759e9844b3ce807cfb5,bbq,M4 reduced 50% rep2,M4,1000,1000,2,bc5c9464622b22f2253fc8658e49c89a285db98569625c350af4a9f7d0d89a43,1,BF16,,88.5,-0.4,5.985,1000,0,128,0.128,88.235,1000,26.6249,0.09149305944444446,0.005398090507222223,0.19628062666175042,0.43617917035944537
qwen25_vl_7b,cc594898137f460bfe9f0759e9844b3ce807cfb5,bbq,M4 reduced 50% rep3,M4,1000,1000,3,f41566b99ae1b531eec06a42355ce73f85bf818bedc2242c610e3cb27337261b,1,BF16,,88.6,-0.3,5.985,1000,0,128,0.128,88.267,1000,26.7982,0.08996681833333332,0.005308042281666666,0.1937393063826687,0.430531791961486
qwen25_vl_7b,cc594898137f460bfe9f0759e9844b3ce807cfb5,bbq,M4 reduced 50% rep4,M4,1000,1000,4,43ccdf646ab7c852414d2cc6e8c0b984e37b68a38abadea30cf2ea391416db4f,1,BF16,,88.6,-0.3,5.975,1000,0,126,0.126,88.345,1000,26.4035,0.09114149805555555,0.005377348385277777,0.19541002954788544,0.4342445101064121
qwen25_vl_7b,cc594898137f460bfe9f0759e9844b3ce807cfb5,bbq,M4 reduced 50% rep5,M4,1000,1000,5,27ebaf6830cd1fc575b62534168e4321bddc036928cd0531ea21a46b89b35dc3,1,BF16,,88.5,-0.4,6.099,1000,0,128,0.128,88.283,1000,26.8495,0.08998497388888889,0.005309113459444444,0.19389111933027067,0.43086915406726817
qwen25_vl_7b,cc594898137f460bfe9f0759e9844b3ce807cfb5,bbq,M4 reduced 37%,M4,748,748,,321ecf02a1b2f5fc2cd1ee1a2b04005ce8aa6c23a654cf1c2a458d719b822718,1,BF16,,89.705882,0.805882,5.619,748,0,93,0.1243,88.4693,748,19.993,0.06877580888888889,0.004057772724444444,0.14752142639089463,0.32782539197976585
qwen25_vl_7b,cc594898137f460bfe9f0759e9844b3ce807cfb5,bbq,M4 reduced 25%,M4,500,500,,45445c798843977c4d303ec05f2cd1ef57528ca70370f1ffe96aa65178278740,1,BF16,,89.0,0.1,6.116,500,0,71,0.142,88.522,500,13.5162,0.04530754722222222,0.002673145286111111,0.09760075540158537,0.2168905675590786
qwen25_vl_7b,cc594898137f460bfe9f0759e9844b3ce807cfb5,bbq,M4 smallest rep1,M4,248,248,1,66965a5687eba68ecd6677bc9e8fb0611ca05aae99e51364aa5e818e06ca5fe3,1,BF16,,89.516129,0.616129,6.0323,248,0,34,0.1371,87.8468,248,6.8407,0.022848940277777778,0.0013480874763888888,0.04926137233451122,0.10946971629891382
qwen25_vl_7b,cc594898137f460bfe9f0759e9844b3ce807cfb5,bbq,M4 smallest rep2,M4,248,248,2,718dfff2499e64aea997c841172c115d1792a276362364a842389d4a44cdd79e,1,BF16,,89.112903,0.212903,6.5847,248,0,38,0.1532,87.2621,248,6.7815,0.02328168777777778,0.001373619578888889,0.049960381368218426,0.11102306970715206
qwen25_vl_7b,cc594898137f460bfe9f0759e9844b3ce807cfb5,bbq,M4 smallest rep3,M4,248,248,3,42679c0ccd58db8294ec28f6fc7a84f35fc336e197fcb91c6994480c59dbed98,1,BF16,,89.516129,0.616129,6.1653,248,0,36,0.1452,87.5766,248,6.7807,0.022752417777777777,0.0013423926488888888,0.04901165199080972,0.10891478220179938
qwen25_vl_7b,cc594898137f460bfe9f0759e9844b3ce807cfb5,bbq,M4 smallest rep4,M4,248,248,4,2eb2356f808e6be8bc49ac6ec7e51c357d90fcc42d5fec51ab35ac11eb173c7d,1,BF16,,88.709677,-0.190323,6.4274,248,0,37,0.1492,87.2742,248,6.7343,0.023093337499999998,0.0013625069125,0.04957218205347364,0.11016040456327475
qwen25_vl_7b,cc594898137f460bfe9f0759e9844b3ce807cfb5,bbq,M4 smallest rep5,M4,248,248,5,150dc437867b6ff8a566fd411c6f03db8c17da3b6389da1f44994c9f8be6cf4f,1,BF16,,89.112903,0.212903,6.3185,248,0,36,0.1452,87.3105,248,6.8505,0.022742045555555555,0.0013417806877777778,0.04906815587338545,0.109040346385301
qwen25_vl_7b,cc594898137f460bfe9f0759e9844b3ce807cfb5,bbq,M5a 50% + larger batch,M5a,1000,1000,,d268e1ec695766061b067b5f9f0ed6571dc5c1f359d175f8e912bb7694efe357,8,BF16,,88.5,-0.4,6.187,1000,0,127,0.127,88.301,1000,6.0536,0.020818174166666665,0.0012282722758333333,0.044635828726004696,0.09919073050223266
qwen25_vl_7b,cc594898137f460bfe9f0759e9844b3ce807cfb5,bbq,M5b 50% + INT8,M5b,1000,1000,,d268e1ec695766061b067b5f9f0ed6571dc5c1f359d175f8e912bb7694efe357,1,INT8,,88.7,-0.2,5.67,1000,0,125,0.125,88.196,1000,224.7144,0.3831847938888889,0.022607902839444444,1.0730926063227764,2.384650236272836
qwen3_vl_30b_a3b,9c4b90e1e4ba969fd3b5378b57d966d725f1b86c,bbq,M0 baseline,M0,2000,,,,1,BF16,,87.2,0.0,6.5043,1999,1,277,0.1386,89.6595,2000,99.9906,0.4515483263888889,0.026641351256944446,0.9320941484730021,2.0713203299400047
qwen3_vl_30b_a3b,9c4b90e1e4ba969fd3b5378b57d966d725f1b86c,bbq,M1 larger batch,M1,2000,,,,8,BF16,,87.15,-0.05,6.4727,1999,1,275,0.1376,89.45,2000,23.2409,0.11556087472222222,0.00681809160861111,0.23576344965497023,0.523918777011045
qwen3_vl_30b_a3b,9c4b90e1e4ba969fd3b5378b57d966d725f1b86c,bbq,M2 INT8,M2,2000,,,,1,INT8,,87.3,0.1,6.655,2000,0,263,0.1315,89.374,2000,366.1296,0.8085246941666667,0.047702956955833334,2.101825375437941,4.670723056528757
qwen3_vl_30b_a3b,9c4b90e1e4ba969fd3b5378b57d966d725f1b86c,bbq,M3 INT4,M3,2000,,,,1,INT4,,83.0,-4.2,7.344,2000,0,308,0.154,87.539,2000,127.1008,0.5146285855555556,0.03036308654777778,1.0771588796473541,2.3936863992163424
qwen3_vl_30b_a3b,9c4b90e1e4ba969fd3b5378b57d966d725f1b86c,bbq,M4 reduced 75%,M4,1500,1500,,d697ab3a896b5b9cecdd71d4c8faaa72bf04c174b7b5b4fcfd7847b941a56098,1,BF16,,87.333333,0.133333,6.8339,1499,1,215,0.1434,89.78,1500,72.6508,0.33540568638888885,0.019788935496944444,0.690405444339819,1.5342343207551532
qwen3_vl_30b_a3b,9c4b90e1e4ba969fd3b5378b57d966d725f1b86c,bbq,M4 reduced 50% rep1,M4,1000,1000,1,d268e1ec695766061b067b5f9f0ed6571dc5c1f359d175f8e912bb7694efe357,1,BF16,,87.4,0.2,6.4685,999,1,143,0.1431,89.631,1000,49.0127,0.22388122944444444,0.013208992537222223,0.46135512239214727,1.0252336053158828
qwen3_vl_30b_a3b,9c4b90e1e4ba969fd3b5378b57d966d725f1b86c,bbq,M4 reduced 50% rep2,M4,1000,1000,2,bc5c9464622b22f2253fc8658e49c89a285db98569625c350af4a9f7d0d89a43,1,BF16,,87.1,-0.1,6.7177,999,1,145,0.1451,89.452,1000,49.1358,0.23757542583333335,0.014016950124166667,0.486259192494576,1.08057598332128
qwen3_vl_30b_a3b,9c4b90e1e4ba969fd3b5378b57d966d725f1b86c,bbq,M4 reduced 50% rep3,M4,1000,1000,3,f41566b99ae1b531eec06a42355ce73f85bf818bedc2242c610e3cb27337261b,1,BF16,,87.2,0.0,6.7177,999,1,145,0.1451,89.514,1000,50.8858,0.2290237291666667,0.013512400020833334,0.47284755793743966,1.050772350972088
qwen3_vl_30b_a3b,9c4b90e1e4ba969fd3b5378b57d966d725f1b86c,bbq,M4 reduced 50% rep4,M4,1000,1000,4,43ccdf646ab7c852414d2cc6e8c0b984e37b68a38abadea30cf2ea391416db4f,1,BF16,,87.5,0.3,6.6036,999,1,145,0.1451,89.594,1000,49.8962,0.22805051444444444,0.013454980352222222,0.4699687294675898,1.0443749543724217
qwen3_vl_30b_a3b,9c4b90e1e4ba969fd3b5378b57d966d725f1b86c,bbq,M4 reduced 50% rep5,M4,1000,1000,5,27ebaf6830cd1fc575b62534168e4321bddc036928cd0531ea21a46b89b35dc3,1,BF16,,87.4,0.2,6.8308,999,1,145,0.1451,89.525,1000,48.6191,0.22549010666666666,0.013303916293333334,0.46385141849215444,1.0307809299825654
qwen3_vl_30b_a3b,9c4b90e1e4ba969fd3b5378b57d966d725f1b86c,bbq,M4 reduced 37%,M4,748,748,,321ecf02a1b2f5fc2cd1ee1a2b04005ce8aa6c23a654cf1c2a458d719b822718,1,BF16,,87.299465,0.099465,6.4498,747,1,107,0.1432,89.484,748,37.3566,0.17985510916666667,0.010611451440833333,0.3683078841335265,0.81846196474117
qwen3_vl_30b_a3b,9c4b90e1e4ba969fd3b5378b57d966d725f1b86c,bbq,M4 reduced 25%,M4,500,500,,45445c798843977c4d303ec05f2cd1ef57528ca70370f1ffe96aa65178278740,1,BF16,,88.2,1.0,6.3367,499,1,74,0.1483,89.868,500,24.7192,0.1146065261111111,0.006761785040555555,0.2357293037227483,0.5238428971616629
qwen3_vl_30b_a3b,9c4b90e1e4ba969fd3b5378b57d966d725f1b86c,bbq,M4 smallest rep1,M4,248,248,1,66965a5687eba68ecd6677bc9e8fb0611ca05aae99e51364aa5e818e06ca5fe3,1,BF16,,87.5,0.3,6.9395,248,0,39,0.1573,89.4476,248,12.6584,0.057904030555555555,0.0034163378027777776,0.11934058088541522,0.26520129085647826
qwen3_vl_30b_a3b,9c4b90e1e4ba969fd3b5378b57d966d725f1b86c,bbq,M4 smallest rep2,M4,248,248,2,718dfff2499e64aea997c841172c115d1792a276362364a842389d4a44cdd79e,1,BF16,,88.306452,1.106452,6.6774,248,0,38,0.1532,89.6492,248,12.5987,0.05800487638888889,0.003422287706944445,0.11944179766675578,0.26542621703723507
qwen3_vl_30b_a3b,9c4b90e1e4ba969fd3b5378b57d966d725f1b86c,bbq,M4 smallest rep3,M4,248,248,3,42679c0ccd58db8294ec28f6fc7a84f35fc336e197fcb91c6994480c59dbed98,1,BF16,,88.306452,1.106452,6.6774,248,0,38,0.1532,89.6371,248,12.6483,0.06127729916666667,0.003615360650833333,0.12539634877166406,0.2786585528259201
qwen3_vl_30b_a3b,9c4b90e1e4ba969fd3b5378b57d966d725f1b86c,bbq,M4 smallest rep4,M4,248,248,4,2eb2356f808e6be8bc49ac6ec7e51c357d90fcc42d5fec51ab35ac11eb173c7d,1,BF16,,88.306452,1.106452,6.4516,248,0,36,0.1452,89.4355,248,12.5717,0.05808611527777778,0.003427080801388889,0.11954121153037874,0.26564713673417495
qwen3_vl_30b_a3b,9c4b90e1e4ba969fd3b5378b57d966d725f1b86c,bbq,M4 smallest rep5,M4,248,248,5,150dc437867b6ff8a566fd411c6f03db8c17da3b6389da1f44994c9f8be6cf4f,1,BF16,,89.112903,1.912903,6.0565,248,0,34,0.1371,89.7581,248,12.3879,0.05779959333333333,0.003410176006666667,0.11880128068409009,0.26400284596464463
qwen3_vl_30b_a3b,9c4b90e1e4ba969fd3b5378b57d966d725f1b86c,bbq,M5a 50% + larger batch,M5a,1000,1000,,d268e1ec695766061b067b5f9f0ed6571dc5c1f359d175f8e912bb7694efe357,8,BF16,,87.3,0.1,6.747,1000,0,140,0.14,89.197,1000,12.0036,0.05808814333333333,0.0034272004566666663,0.11887391232290116,0.264164249606447
qwen3_vl_30b_a3b,9c4b90e1e4ba969fd3b5378b57d966d725f1b86c,bbq,M5b 50% + INT8,M5b,1000,1000,,d268e1ec695766061b067b5f9f0ed6571dc5c1f359d175f8e912bb7694efe357,1,INT8,,87.5,0.3,6.649,1000,0,132,0.132,89.28,1000,192.8742,0.4210996636111111,0.024844880153055554,1.093383515271852,2.42974114504856
qwen25_vl_7b,cc594898137f460bfe9f0759e9844b3ce807cfb5,bbq_v,M0 baseline,M0,1998,,,,1,BF16,,88.738739,0.0,3.8033,1998,0,147,0.0736,77.8353,1998,72.7016,0.2777659788888889,0.016388192754444444,0.5935237908912989,1.3189417575362197
qwen25_vl_7b,cc594898137f460bfe9f0759e9844b3ce807cfb5,bbq_v,M1 larger batch,M1,1998,,,,8,BF16,,88.788789,0.05005,3.8451,1995,3,146,0.0732,77.7748,1998,55.9239,0.3202810675,0.0188965829825,0.6478814449490041,1.4397365443311203
qwen25_vl_7b,cc594898137f460bfe9f0759e9844b3ce807cfb5,bbq_v,M2 INT8,M2,1998,,,,1,INT8,,87.987988,-0.750751,4.1063,1995,3,159,0.0797,77.8724,1998,486.9869,0.9253702697222222,0.054596845913611115,2.492029417938072,5.537843150973494
qwen25_vl_7b,cc594898137f460bfe9f0759e9844b3ce807cfb5,bbq_v,M3 INT4,M3,1998,,,,1,INT4,,85.935936,-2.802803,3.9253,1982,2,174,0.0878,76.1174,1984,94.9694,0.2995015541666667,0.017670591695833335,0.658500492217288,1.463334427149529
qwen25_vl_7b,cc594898137f460bfe9f0759e9844b3ce807cfb5,bbq_v,M4 reduced 75%,M4,1494,1494,,7ab2b8998bebb719c1481cca06b253ad004b4d5cc2f745426e9b256ac5e1d99b,1,BF16,,88.353414,-0.385325,3.9458,1494,0,117,0.0783,77.6506,1494,54.3747,0.20655709833333333,0.012186868801666665,0.44172292435198995,0.9816064985599776
qwen25_vl_7b,cc594898137f460bfe9f0759e9844b3ce807cfb5,bbq_v,M4 reduced 50% rep1,M4,1008,1008,1,2e8ddb59eecc75edfeac16df4cba6df341261d57bf16f0c1fd99f88113debedc,1,BF16,,88.988095,0.249356,3.6419,1008,0,76,0.0754,77.2222,1008,36.8564,0.1436197047222222,0.008473562578611111,0.3059618720738313,0.6799152712751806
qwen25_vl_7b,cc594898137f460bfe9f0759e9844b3ce807cfb5,bbq_v,M4 reduced 50% rep2,M4,1008,1008,2,10fbb324766d6799bd5059deb6479ae466c43d11bece0b51d6bfaad96470c332,1,BF16,,90.178571,1.439833,3.2222,1008,0,58,0.0575,78.1746,1008,37.1657,0.14786177111111112,0.008723844495555555,0.3139033814937108,0.6975630699860239
qwen25_vl_7b,cc594898137f460bfe9f0759e9844b3ce807cfb5,bbq_v,M4 reduced 50% rep3,M4,1008,1008,3,256d6056999bd36fb49397eb525571188068f78ae181093c6b07e4fa3dbd468b,1,BF16,,89.68254,0.943801,3.5992,1008,0,67,0.0665,77.8621,1008,37.4967,0.14393049,0.00849189891,0.30744767371046916,0.6832170526899315
qwen25_vl_7b,cc594898137f460bfe9f0759e9844b3ce807cfb5,bbq_v,M4 reduced 50% rep4,M4,1008,1008,4,5e6d458cfee7100118169b54e910f52a6d4e922afd6344acb179f17e963ed519,1,BF16,,88.392857,-0.345882,4.1687,1008,0,78,0.0774,78.3214,1008,36.8183,0.142717915,0.008420356985,0.30426669720318855,0.6761482160070856
qwen25_vl_7b,cc594898137f460bfe9f0759e9844b3ce807cfb5,bbq_v,M4 reduced 50% rep5,M4,1008,1008,5,08c0d9d3fe8b1d7f26d4df5502e7fe41b45ae91898266fc786020adef3491231,1,BF16,,89.087302,0.348563,3.2589,1008,0,67,0.0665,78.6885,1008,36.3291,0.1431071177777778,0.00844331994888889,0.3043159602676071,0.6762576894835713
qwen25_vl_7b,cc594898137f460bfe9f0759e9844b3ce807cfb5,bbq_v,M4 reduced 37%,M4,756,756,,98bee5378fbc824b8595d63defd1fdb2cbb708279b034f39935ee0c7be0377d4,1,BF16,,89.153439,0.4147,3.6971,756,0,58,0.0767,77.5728,756,28.7125,0.10930371027777779,0.006448918906388889,0.2337265221643251,0.519392271476278
qwen25_vl_7b,cc594898137f460bfe9f0759e9844b3ce807cfb5,bbq_v,M4 reduced 25%,M4,504,504,,304e04b037c9af3579b3a818356b9711b1fa604a18019c688efcf307421bc2ff,1,BF16,,89.087302,0.348563,3.8631,504,0,40,0.0794,77.3869,504,19.057,0.071801295,0.004236276405,0.1537969842978528,0.3417710762174507
qwen25_vl_7b,cc594898137f460bfe9f0759e9844b3ce807cfb5,bbq_v,M4 smallest rep1,M4,252,252,1,5ccf892239785a7704726dcd3ff0ff81c51aae6cdc0f6bab698fe9d080459cf5,1,BF16,,89.68254,0.943801,4.6627,252,0,20,0.0794,76.6349,252,9.1185,0.03605584694444444,0.0021272949697222223,0.0766064378499957,0.170236528555546
qwen25_vl_7b,cc594898137f460bfe9f0759e9844b3ce807cfb5,bbq_v,M4 smallest rep2,M4,252,252,2,89a508ff9c4a4d7cd0d225b6dea4a6f874040884abe69103d3bd91b8ec41379a,1,BF16,,89.285714,0.546976,3.3929,252,0,16,0.0635,76.4167,252,9.3797,0.03649761694444444,0.002153359399722222,0.07775487813413581,0.17278861807585735
qwen25_vl_7b,cc594898137f460bfe9f0759e9844b3ce807cfb5,bbq_v,M4 smallest rep3,M4,252,252,3,649992ec773a7bb7fa7715da245b11c1ab6e7c94a1af6235246af979c80bc73f,1,BF16,,93.253968,4.51523,2.8611,252,0,9,0.0357,78.0159,252,9.2471,0.03715508361111111,0.0021921499330555556,0.0788109640951274,0.1751354757669498
qwen25_vl_7b,cc594898137f460bfe9f0759e9844b3ce807cfb5,bbq_v,M4 smallest rep4,M4,252,252,4,892a60b895220747704d61b60461053645c813379ef6e1fa1414ea2f908d44ce,1,BF16,,94.047619,5.30888,3.0,252,0,14,0.0556,80.8929,252,8.7049,0.033283390555555556,0.001963720042777778,0.07109644516590244,0.1579921003686721
qwen25_vl_7b,cc594898137f460bfe9f0759e9844b3ce807cfb5,bbq_v,M4 smallest rep5,M4,252,252,5,0d710649c499b4f08fd97edc9b1d93e90512ead83082d69f0dcdc0f2700eb1ae,1,BF16,,87.698413,-1.040326,2.6825,252,0,16,0.0635,77.3492,252,9.5414,0.035862485,0.002115886615,0.07684427411391499,0.17076505358647776
qwen25_vl_7b,cc594898137f460bfe9f0759e9844b3ce807cfb5,bbq_v,M5a 50% + larger batch,M5a,1008,1008,,2e8ddb59eecc75edfeac16df4cba6df341261d57bf16f0c1fd99f88113debedc,8,BF16,,89.087302,0.348563,3.7048,1006,2,73,0.0726,77.7768,1008,28.4291,0.16241992333333335,0.009582775476666668,0.3284991433952778,0.7299980964339506
qwen25_vl_7b,cc594898137f460bfe9f0759e9844b3ce807cfb5,bbq_v,M5b 50% + INT8,M5b,1008,1008,,2e8ddb59eecc75edfeac16df4cba6df341261d57bf16f0c1fd99f88113debedc,1,INT8,,87.996032,-0.742707,3.9166,1007,1,77,0.0765,77.4514,1008,211.9295,0.43877864527777777,0.02588794007138889,1.162115167450108,2.5824781498891287
qwen3_vl_30b_a3b,9c4b90e1e4ba969fd3b5378b57d966d725f1b86c,bbq_v,M0 baseline,M0,1998,,,,1,BF16,2359296,92.192192,0.0,3.1807,1998,0,119,0.0596,85.1572,1998,149.55525,0.7527411247222222,0.04441172635861111,1.54088237321341,3.4241830515853557
qwen3_vl_30b_a3b,9c4b90e1e4ba969fd3b5378b57d966d725f1b86c,bbq_v,M1 larger batch,M1,1998,,,,2,BF16,2359296,92.442442,0.25025,2.8709,1998,0,110,0.0551,85.0781,1998,111.087759,0.6016986013888889,0.03550021748194444,1.2206975802690236,2.7126612894867193
qwen3_vl_30b_a3b,9c4b90e1e4ba969fd3b5378b57d966d725f1b86c,bbq_v,M2 INT8,M2,1998,,,,1,INT8,2359296,92.592593,0.400401,2.9274,1998,0,111,0.0556,85.1331,1998,613.955723,1.4168744105555555,0.08359559022277777,3.5959951351399857,7.991100300311079
qwen3_vl_30b_a3b,9c4b90e1e4ba969fd3b5378b57d966d725f1b86c,bbq_v,M3 INT4,M3,1998,,,,1,INT4,2359296,89.78979,-2.402402,3.482,1996,2,140,0.0701,82.5771,1998,196.513437,0.8622924633333333,0.05087525533666667,1.792851032766038,3.984113406146751
qwen3_vl_30b_a3b,9c4b90e1e4ba969fd3b5378b57d966d725f1b86c,bbq_v,M4 reduced 75%,M4,1494,1494,1,4bb75bc67c74b3844db4f6a665eb909b325a95d33eee97c2334420badf5224b6,1,BF16,2359296,91.633199,-0.558993,3.2169,1494,0,89,0.0596,85.073,1494,110.829604,0.5450678511111111,0.03215900321555556,1.1189623143096556,2.486582920688124
qwen3_vl_30b_a3b,9c4b90e1e4ba969fd3b5378b57d966d725f1b86c,bbq_v,M4 reduced 50% rep1,M4,1008,1008,1,a49dd3b45524bfe380572ec1bbb38ba2a61e58a473f977d68910d4dd6ff51632,1,BF16,2359296,91.765873,-0.426319,3.0308,1008,0,58,0.0575,85.3393,1008,76.169746,0.36703013472222223,0.021654777948611113,0.7553524129782184,1.6785609177293743
qwen3_vl_30b_a3b,9c4b90e1e4ba969fd3b5378b57d966d725f1b86c,bbq_v,M4 reduced 50% rep2,M4,1008,1008,2,c6c029cd18b07dd6b49b51a84cff5eb9ee42eda95c4f06494c194c51e960bdba,1,BF16,2359296,93.948413,1.756221,2.6081,1008,0,51,0.0506,85.9891,1008,76.262811,0.3726345916666667,0.021985440908333334,0.7653444599875344,1.7007654666389653
qwen3_vl_30b_a3b,9c4b90e1e4ba969fd3b5378b57d966d725f1b86c,bbq_v,M4 reduced 50% rep3,M4,1008,1008,3,59d799ebecfd58a417ec6eec31f24331707b3fc87d318bfb1382d19bd620e1eb,1,BF16,2359296,92.460317,0.268125,3.0218,1008,0,58,0.0575,84.6508,1008,76.430949,0.37604424111111107,0.022186610225555556,0.7718797241298629,1.71528827584414
qwen3_vl_30b_a3b,9c4b90e1e4ba969fd3b5378b57d966d725f1b86c,bbq_v,M4 reduced 50% rep4,M4,1008,1008,4,87adb46a1e2243f897dcab1834b10334e67f73fa4d470c8e6b5339a41d3701bc,1,BF16,2359296,92.261905,0.069713,2.9653,1008,0,56,0.0556,85.7857,1008,75.333087,0.38590221027777777,0.022768230406388888,0.7883457700609534,1.7518794890243408
qwen3_vl_30b_a3b,9c4b90e1e4ba969fd3b5378b57d966d725f1b86c,bbq_v,M4 reduced 50% rep5,M4,1008,1008,5,3b51f290e8e967d3095280c8dfc76ed085e73a95e499c5d417512ab7e765a152,1,BF16,2359296,92.857143,0.664951,3.2649,1008,0,59,0.0585,85.0069,1008,75.223053,0.37947439722222226,0.022388989436111114,0.7763069868415936,1.7251266374257634
qwen3_vl_30b_a3b,9c4b90e1e4ba969fd3b5378b57d966d725f1b86c,bbq_v,M4 reduced 37%,M4,756,756,1,9cb6e99091e9accec8e34a6fa75c3cece14aee0c69f56f7edb5c8a34e8528558,1,BF16,2359296,91.402116,-0.790076,3.0119,756,0,41,0.0542,85.664,756,54.934726,0.27043289555555555,0.01595554083777778,0.555311975348746,1.234026611886102
qwen3_vl_30b_a3b,9c4b90e1e4ba969fd3b5378b57d966d725f1b86c,bbq_v,M4 reduced 25%,M4,504,504,1,b40d2b7c5ce1ada814685142c0bb359946ed7ad5070fca4f027465dda78cc9ae,1,BF16,2359296,89.68254,-2.509652,3.5119,504,0,35,0.0694,84.4187,504,36.573065,0.18703806444444446,0.011035245802222222,0.38219400359704647,0.8493200079934365
qwen3_vl_30b_a3b,9c4b90e1e4ba969fd3b5378b57d966d725f1b86c,bbq_v,M4 smallest rep1,M4,252,252,1,53b0493ad40c281aa5fb73fc0804faaf6e1101a918db2385805ce026d44e09c3,1,BF16,2359296,88.095238,-4.096954,3.9444,252,0,18,0.0714,83.9524,252,18.258255,0.09002336833333333,0.005311378731666666,0.18475649529265128,0.4105699895392251
qwen3_vl_30b_a3b,9c4b90e1e4ba969fd3b5378b57d966d725f1b86c,bbq_v,M4 smallest rep2,M4,252,252,2,85340f259b340620737b9bc8bf5b803ec2287ae8caf37db68da3389a0c10acd1,1,BF16,2359296,89.68254,-2.509652,3.6508,252,0,20,0.0794,84.5476,252,18.864151,0.09340820972222222,0.005511084373611111,0.19150218604205413,0.42556041342678697
qwen3_vl_30b_a3b,9c4b90e1e4ba969fd3b5378b57d966d725f1b86c,bbq_v,M4 smallest rep3,M4,252,252,3,cc3466c7e87cda79b12285eaf9671d20a2921ed16899a38c6e8adf45a521642e,1,BF16,2359296,95.238095,3.045903,2.4802,252,0,8,0.0317,84.8294,252,18.623918,0.0924466863888889,0.0054543544969444455,0.18964349219828,0.4214299826628444
qwen3_vl_30b_a3b,9c4b90e1e4ba969fd3b5378b57d966d725f1b86c,bbq_v,M4 smallest rep4,M4,252,252,4,d925a3be85c7b9292cb54ac3b7a8fdf51ccbff22778006f70a669c66605971a1,1,BF16,2359296,93.650794,1.458602,2.5357,252,0,15,0.0595,87.377,252,18.419823,0.08979704749999999,0.0052980258025,0.18455660789541725,0.41012579532314947
qwen3_vl_30b_a3b,9c4b90e1e4ba969fd3b5378b57d966d725f1b86c,bbq_v,M4 smallest rep5,M4,252,252,5,6358b69fbb271df7d32c6fc44bbbeca360595920d06e44909f6b6e295ee78004,1,BF16,2359296,92.460317,0.268125,2.5357,252,0,12,0.0476,84.3056,252,19.13505,0.09379701888888889,0.005534024114444445,0.19263214462447678,0.4280714324988373
qwen3_vl_30b_a3b,9c4b90e1e4ba969fd3b5378b57d966d725f1b86c,bbq_v,M5a 50% + larger batch,M5a,1008,1008,1,a49dd3b45524bfe380572ec1bbb38ba2a61e58a473f977d68910d4dd6ff51632,2,BF16,2359296,92.162698,-0.029494,2.7232,1008,0,52,0.0516,85.4087,1008,55.124667,0.2935407669444444,0.01731890524972222,0.5967084979664913,1.3260188843699805
qwen3_vl_30b_a3b,9c4b90e1e4ba969fd3b5378b57d966d725f1b86c,bbq_v,M5b 50% + INT8,M5b,1008,1008,1,a49dd3b45524bfe380572ec1bbb38ba2a61e58a473f977d68910d4dd6ff51632,1,INT8,2359296,92.559524,0.367332,2.7044,1008,0,54,0.0536,85.5129,1008,312.337138,0.7072124683333333,0.041725535631666665,1.7990741967843908,3.9979426595208687
