dataset,model,condition,fraction,metric,frozen_signed_error,frozen_abs_error,mc_n_draws,mc_signed_error_p2_5,mc_signed_error_p97_5,empirical_percentile_of_signed_error,empirical_percentile_of_abs_error,outside_central_95pct_mc_interval,characterization
bbq,qwen25_vl_7b,M4 reduced 75%,75%,accuracy,-0.0023333333333332,0.0023333333333332,1000,-0.008333333333333304,0.008333333333333304,39.2,32.300000000000004,False,typical (within central 95% of independent stratified draws)
bbq,qwen25_vl_7b,M4 reduced 75%,75%,bias_score,0.2545000000000001,0.2545000000000001,1000,-0.40019999999999967,0.46390000000000015,83.5,72.7,False,typical (within central 95% of independent stratified draws)
bbq,qwen25_vl_7b,M4 reduced 75%,75%,bias_present_rate,0.0028333333333333,0.0028333333333333,1000,-0.008499999999999994,0.010166666666666657,64.1,40.8,False,typical (within central 95% of independent stratified draws)
bbq,qwen25_vl_7b,M4 reduced 75%,75%,bias_cond_severity,1.1694947328581335,1.1694947328581335,1000,-2.0630642285580096,1.9198310633839701,87.8,75.2,False,typical (within central 95% of independent stratified draws)
bbq,qwen25_vl_7b,M4 reduced 75%,75%,reasoning_quality,-0.0896666666666732,0.0896666666666732,1000,-0.3570666666666661,0.3497499999999973,35.199999999999996,36.3,False,typical (within central 95% of independent stratified draws)
bbq,qwen25_vl_7b,M4 reduced 50% rep1,50%,accuracy,-0.002,0.002,1000,-0.014000000000000012,0.015000000000000013,40.8,16.7,False,typical (within central 95% of independent stratified draws)
bbq,qwen25_vl_7b,M4 reduced 50% rep1,50%,bias_score,0.2744999999999997,0.2744999999999997,1000,-0.7720749999999996,0.7195999999999999,76.1,51.9,False,typical (within central 95% of independent stratified draws)
bbq,qwen25_vl_7b,M4 reduced 50% rep1,50%,bias_present_rate,0.0025,0.0025,1000,-0.0165,0.014500000000000013,62.0,18.2,False,typical (within central 95% of independent stratified draws)
bbq,qwen25_vl_7b,M4 reduced 50% rep1,50%,bias_cond_severity,1.4278531448629153,1.4278531448629153,1000,-3.4516115544026156,3.584978821536146,76.6,55.7,False,typical (within central 95% of independent stratified draws)
bbq,qwen25_vl_7b,M4 reduced 50% rep1,50%,reasoning_quality,-0.3580000000000041,0.3580000000000041,1000,-0.6021250000000038,0.6383500000000049,11.899999999999999,74.4,False,typical (within central 95% of independent stratified draws)
bbq,qwen25_vl_7b,M4 reduced 50% rep2,50%,accuracy,-0.004,0.004,1000,-0.014000000000000012,0.015000000000000013,31.900000000000002,35.3,False,typical (within central 95% of independent stratified draws)
bbq,qwen25_vl_7b,M4 reduced 50% rep2,50%,bias_score,0.3455000000000003,0.3455000000000003,1000,-0.7720749999999996,0.7195999999999999,82.6,63.7,False,typical (within central 95% of independent stratified draws)
bbq,qwen25_vl_7b,M4 reduced 50% rep2,50%,bias_present_rate,0.0035,0.0035,1000,-0.0165,0.014500000000000013,66.60000000000001,28.9,False,typical (within central 95% of independent stratified draws)
bbq,qwen25_vl_7b,M4 reduced 50% rep2,50%,bias_cond_severity,1.6802522590361448,1.6802522590361448,1000,-3.4516115544026156,3.584978821536146,81.6,64.4,False,typical (within central 95% of independent stratified draws)
bbq,qwen25_vl_7b,M4 reduced 50% rep2,50%,reasoning_quality,-0.4200000000000017,0.4200000000000017,1000,-0.6021250000000038,0.6383500000000049,7.8,82.89999999999999,False,typical (within central 95% of independent stratified draws)
bbq,qwen25_vl_7b,M4 reduced 50% rep3,50%,accuracy,-0.003,0.003,1000,-0.014000000000000012,0.015000000000000013,36.9,25.8,False,typical (within central 95% of independent stratified draws)
bbq,qwen25_vl_7b,M4 reduced 50% rep3,50%,bias_score,0.3455000000000003,0.3455000000000003,1000,-0.7720749999999996,0.7195999999999999,82.6,63.7,False,typical (within central 95% of independent stratified draws)
bbq,qwen25_vl_7b,M4 reduced 50% rep3,50%,bias_present_rate,0.0035,0.0035,1000,-0.0165,0.014500000000000013,66.60000000000001,28.9,False,typical (within central 95% of independent stratified draws)
bbq,qwen25_vl_7b,M4 reduced 50% rep3,50%,bias_cond_severity,1.6802522590361448,1.6802522590361448,1000,-3.4516115544026156,3.584978821536146,81.6,64.4,False,typical (within central 95% of independent stratified draws)
bbq,qwen25_vl_7b,M4 reduced 50% rep3,50%,reasoning_quality,-0.3880000000000052,0.3880000000000052,1000,-0.6021250000000038,0.6383500000000049,9.700000000000001,78.9,False,typical (within central 95% of independent stratified draws)
bbq,qwen25_vl_7b,M4 reduced 50% rep4,50%,accuracy,-0.003,0.003,1000,-0.014000000000000012,0.015000000000000013,36.9,25.8,False,typical (within central 95% of independent stratified draws)
bbq,qwen25_vl_7b,M4 reduced 50% rep4,50%,bias_score,0.3354999999999997,0.3354999999999997,1000,-0.7720749999999996,0.7195999999999999,81.69999999999999,62.1,False,typical (within central 95% of independent stratified draws)
bbq,qwen25_vl_7b,M4 reduced 50% rep4,50%,bias_present_rate,0.0015,0.0015,1000,-0.0165,0.014500000000000013,57.4,9.3,False,typical (within central 95% of independent stratified draws)
bbq,qwen25_vl_7b,M4 reduced 50% rep4,50%,bias_cond_severity,2.219066743163125,2.219066743163125,1000,-3.4516115544026156,3.584978821536146,89.1,78.4,False,typical (within central 95% of independent stratified draws)
bbq,qwen25_vl_7b,M4 reduced 50% rep4,50%,reasoning_quality,-0.3100000000000023,0.3100000000000023,1000,-0.6021250000000038,0.6383500000000049,15.4,67.10000000000001,False,typical (within central 95% of independent stratified draws)
bbq,qwen25_vl_7b,M4 reduced 50% rep5,50%,accuracy,-0.004,0.004,1000,-0.014000000000000012,0.015000000000000013,31.900000000000002,35.3,False,typical (within central 95% of independent stratified draws)
bbq,qwen25_vl_7b,M4 reduced 50% rep5,50%,bias_score,0.4595000000000002,0.4595000000000002,1000,-0.7720749999999996,0.7195999999999999,89.2,76.5,False,typical (within central 95% of independent stratified draws)
bbq,qwen25_vl_7b,M4 reduced 50% rep5,50%,bias_present_rate,0.0035,0.0035,1000,-0.0165,0.014500000000000013,66.60000000000001,28.9,False,typical (within central 95% of independent stratified draws)
bbq,qwen25_vl_7b,M4 reduced 50% rep5,50%,bias_cond_severity,2.570877259036145,2.570877259036145,1000,-3.4516115544026156,3.584978821536146,91.7,83.6,False,typical (within central 95% of independent stratified draws)
bbq,qwen25_vl_7b,M4 reduced 50% rep5,50%,reasoning_quality,-0.3719999999999999,0.3719999999999999,1000,-0.6021250000000038,0.6383500000000049,10.8,76.6,False,typical (within central 95% of independent stratified draws)
bbq,qwen25_vl_7b,M4 reduced 37%,37%,accuracy,0.0080588235294117,0.0080588235294117,1000,-0.020016042780748644,0.018754010695187118,77.7,57.3,False,typical (within central 95% of independent stratified draws)
bbq,qwen25_vl_7b,M4 reduced 37%,37%,bias_score,-0.0205160427807484,0.0205160427807484,1000,-0.9626617647058824,1.0050521390374332,47.8,3.0,False,typical (within central 95% of independent stratified draws)
bbq,qwen25_vl_7b,M4 reduced 37%,37%,bias_present_rate,-0.0001684491978609,0.0001684491978609,1000,-0.02022192513368984,0.02255882352941177,48.6,0.0,False,typical (within central 95% of independent stratified draws)
bbq,qwen25_vl_7b,M4 reduced 37%,37%,bias_cond_severity,-0.1145226065552549,0.1145226065552549,1000,-4.428670997766575,4.493137127457196,46.5,4.2,False,typical (within central 95% of independent stratified draws)
bbq,qwen25_vl_7b,M4 reduced 37%,37%,reasoning_quality,-0.1857486631016058,0.1857486631016058,1000,-0.8528943850267439,0.7866778074866263,34.0,33.4,False,typical (within central 95% of independent stratified draws)
bbq,qwen25_vl_7b,M4 reduced 25%,25%,accuracy,0.001,0.001,1000,-0.02300000000000002,0.025000000000000022,50.0,0.0,False,typical (within central 95% of independent stratified draws)
bbq,qwen25_vl_7b,M4 reduced 25%,25%,bias_score,0.4764999999999997,0.4764999999999997,1000,-1.3515499999999998,1.3006500000000003,78.10000000000001,51.7,False,typical (within central 95% of independent stratified draws)
bbq,qwen25_vl_7b,M4 reduced 25%,25%,bias_present_rate,0.0174999999999999,0.0174999999999999,1000,-0.028499999999999998,0.027499999999999997,89.5,76.4,False,typical (within central 95% of independent stratified draws)
bbq,qwen25_vl_7b,M4 reduced 25%,25%,bias_cond_severity,-1.2368912268793508,1.2368912268793508,1000,-5.962778052441701,5.9395655814045645,34.9,28.499999999999996,False,typical (within central 95% of independent stratified draws)
bbq,qwen25_vl_7b,M4 reduced 25%,25%,reasoning_quality,-0.1329999999999955,0.1329999999999955,1000,-1.0730500000000074,1.1578999999999957,38.9,19.3,False,typical (within central 95% of independent stratified draws)
bbq,qwen25_vl_7b,M4 smallest rep1,smallest,accuracy,0.0061612903225806,0.0061612903225806,1000,-0.03416129032258064,0.042451612903225744,49.7,22.2,False,typical (within central 95% of independent stratified draws)
bbq,qwen25_vl_7b,M4 smallest rep1,smallest,bias_score,0.392758064516129,0.392758064516129,1000,-1.8656088709677416,2.171084677419355,68.10000000000001,27.800000000000004,False,typical (within central 95% of independent stratified draws)
bbq,qwen25_vl_7b,M4 smallest rep1,smallest,bias_present_rate,0.0125967741935483,0.0125967741935483,1000,-0.039822580645161296,0.04082258064516128,74.5,41.5,False,typical (within central 95% of independent stratified draws)
bbq,qwen25_vl_7b,M4 smallest rep1,smallest,bias_cond_severity,-0.5591778880226812,0.5591778880226812,1000,-8.300444856348472,10.124501971017713,40.9,10.2,False,typical (within central 95% of independent stratified draws)
bbq,qwen25_vl_7b,M4 smallest rep1,smallest,reasoning_quality,-0.8082258064516168,0.8082258064516168,1000,-1.7518749999999983,1.696108870967734,14.899999999999999,64.3,False,typical (within central 95% of independent stratified draws)
bbq,qwen25_vl_7b,M4 smallest rep2,smallest,accuracy,0.0021290322580644,0.0021290322580644,1000,-0.03416129032258064,0.042451612903225744,42.4,7.8,False,typical (within central 95% of independent stratified draws)
bbq,qwen25_vl_7b,M4 smallest rep2,smallest,bias_score,0.945177419354839,0.945177419354839,1000,-1.8656088709677416,2.171084677419355,84.6,65.60000000000001,False,typical (within central 95% of independent stratified draws)
bbq,qwen25_vl_7b,M4 smallest rep2,smallest,bias_present_rate,0.0287258064516129,0.0287258064516129,1000,-0.039822580645161296,0.04082258064516128,91.7,81.8,False,typical (within central 95% of independent stratified draws)
bbq,qwen25_vl_7b,M4 smallest rep2,smallest,bias_cond_severity,-0.8176918199112251,0.8176918199112251,1000,-8.300444856348472,10.124501971017713,39.300000000000004,13.8,False,typical (within central 95% of independent stratified draws)
bbq,qwen25_vl_7b,M4 smallest rep2,smallest,reasoning_quality,-1.3929032258064495,1.3929032258064495,1000,-1.7518749999999983,1.696108870967734,4.3,89.7,False,typical (within central 95% of independent stratified draws)
bbq,qwen25_vl_7b,M4 smallest rep3,smallest,accuracy,0.0061612903225806,0.0061612903225806,1000,-0.03416129032258064,0.042451612903225744,49.7,22.2,False,typical (within central 95% of independent stratified draws)
bbq,qwen25_vl_7b,M4 smallest rep3,smallest,bias_score,0.5258225806451611,0.5258225806451611,1000,-1.8656088709677416,2.171084677419355,73.5,39.7,False,typical (within central 95% of independent stratified draws)
bbq,qwen25_vl_7b,M4 smallest rep3,smallest,bias_present_rate,0.0206612903225806,0.0206612903225806,1000,-0.039822580645161296,0.04082258064516128,84.89999999999999,64.7,False,typical (within central 95% of independent stratified draws)
bbq,qwen25_vl_7b,M4 smallest rep3,smallest,bias_cond_severity,-1.6817269076305197,1.6817269076305197,1000,-8.300444856348472,10.124501971017713,32.300000000000004,28.1,False,typical (within central 95% of independent stratified draws)
bbq,qwen25_vl_7b,M4 smallest rep3,smallest,reasoning_quality,-1.0783870967741933,1.0783870967741933,1000,-1.7518749999999983,1.696108870967734,9.1,78.4,False,typical (within central 95% of independent stratified draws)
bbq,qwen25_vl_7b,M4 smallest rep4,smallest,accuracy,-0.0019032258064516,0.0019032258064516,1000,-0.03416129032258064,0.042451612903225744,42.4,0.0,False,typical (within central 95% of independent stratified draws)
bbq,qwen25_vl_7b,M4 smallest rep4,smallest,bias_score,0.78791935483871,0.78791935483871,1000,-1.8656088709677416,2.171084677419355,81.39999999999999,56.49999999999999,False,typical (within central 95% of independent stratified draws)
bbq,qwen25_vl_7b,M4 smallest rep4,smallest,bias_present_rate,0.0246935483870967,0.0246935483870967,1000,-0.039822580645161296,0.04082258064516128,88.0,73.6,False,typical (within central 95% of independent stratified draws)
bbq,qwen25_vl_7b,M4 smallest rep4,smallest,bias_cond_severity,-0.8866818625854762,0.8866818625854762,1000,-8.300444856348472,10.124501971017713,39.0,14.399999999999999,False,typical (within central 95% of independent stratified draws)
bbq,qwen25_vl_7b,M4 smallest rep4,smallest,reasoning_quality,-1.380806451612898,1.380806451612898,1000,-1.7518749999999983,1.696108870967734,4.3999999999999995,89.7,False,typical (within central 95% of independent stratified draws)
bbq,qwen25_vl_7b,M4 smallest rep5,smallest,accuracy,0.0021290322580644,0.0021290322580644,1000,-0.03416129032258064,0.042451612903225744,42.4,7.8,False,typical (within central 95% of independent stratified draws)
bbq,qwen25_vl_7b,M4 smallest rep5,smallest,bias_score,0.6790483870967741,0.6790483870967741,1000,-1.8656088709677416,2.171084677419355,78.3,50.3,False,typical (within central 95% of independent stratified draws)
bbq,qwen25_vl_7b,M4 smallest rep5,smallest,bias_present_rate,0.0206612903225806,0.0206612903225806,1000,-0.039822580645161296,0.04082258064516128,84.89999999999999,64.7,False,typical (within central 95% of independent stratified draws)
bbq,qwen25_vl_7b,M4 smallest rep5,smallest,bias_cond_severity,-0.6261713520749694,0.6261713520749694,1000,-8.300444856348472,10.124501971017713,40.2,11.4,False,typical (within central 95% of independent stratified draws)
bbq,qwen25_vl_7b,M4 smallest rep5,smallest,reasoning_quality,-1.3445161290322574,1.3445161290322574,1000,-1.7518749999999983,1.696108870967734,4.8,88.6,False,typical (within central 95% of independent stratified draws)
bbq,qwen3_vl_30b_a3b,M4 reduced 75%,75%,accuracy,0.0013333333333332,0.0013333333333332,1000,-0.009333333333333305,0.009333333333333305,61.4,16.900000000000002,False,typical (within central 95% of independent stratified draws)
bbq,qwen3_vl_30b_a3b,M4 reduced 75%,75%,bias_score,0.3296371334433061,0.3296371334433061,1000,-0.47026279984555314,0.4877926704679897,89.0,79.60000000000001,False,typical (within central 95% of independent stratified draws)
bbq,qwen3_vl_30b_a3b,M4 reduced 75%,75%,bias_present_rate,0.0048596679927689,0.0048596679927689,1000,-0.009149671566937578,0.01076404869101219,78.9,65.3,False,typical (within central 95% of independent stratified draws)
bbq,qwen3_vl_30b_a3b,M4 reduced 75%,75%,bias_cond_severity,0.9523969440013432,0.9523969440013432,1000,-1.9288119746935788,1.6679932322359607,84.89999999999999,67.80000000000001,False,typical (within central 95% of independent stratified draws)
bbq,qwen3_vl_30b_a3b,M4 reduced 75%,75%,reasoning_quality,0.1205000000000069,0.1205000000000069,1000,-0.3455833333333345,0.3813000000000058,75.4,48.699999999999996,False,typical (within central 95% of independent stratified draws)
bbq,qwen3_vl_30b_a3b,M4 reduced 50% rep1,50%,accuracy,0.002,0.002,1000,-0.016000000000000014,0.016000000000000014,57.199999999999996,16.1,False,typical (within central 95% of independent stratified draws)
bbq,qwen3_vl_30b_a3b,M4 reduced 50% rep1,50%,bias_score,-0.0357836575945631,0.0357836575945631,1000,-0.8586315054424108,0.8411682943573889,45.800000000000004,7.000000000000001,False,typical (within central 95% of independent stratified draws)
bbq,qwen3_vl_30b_a3b,M4 reduced 50% rep1,50%,bias_present_rate,0.0045738585008219,0.0045738585008219,1000,-0.017451191549228057,0.017586871513835006,69.89999999999999,41.0,False,typical (within central 95% of independent stratified draws)
bbq,qwen3_vl_30b_a3b,M4 reduced 50% rep1,50%,bias_cond_severity,-1.5192244578526228,1.5192244578526228,1000,-3.1933482175206405,3.196722300702833,17.599999999999998,64.0,False,typical (within central 95% of independent stratified draws)
bbq,qwen3_vl_30b_a3b,M4 reduced 50% rep1,50%,reasoning_quality,-0.0284999999999939,0.0284999999999939,1000,-0.5994999999999919,0.6557250000000033,45.800000000000004,6.5,False,typical (within central 95% of independent stratified draws)
bbq,qwen3_vl_30b_a3b,M4 reduced 50% rep2,50%,accuracy,-0.001,0.001,1000,-0.016000000000000014,0.016000000000000014,46.5,5.5,False,typical (within central 95% of independent stratified draws)
bbq,qwen3_vl_30b_a3b,M4 reduced 50% rep2,50%,bias_score,0.2134655916546863,0.2134655916546863,1000,-0.8586315054424108,0.8411682943573889,70.19999999999999,38.800000000000004,False,typical (within central 95% of independent stratified draws)
bbq,qwen3_vl_30b_a3b,M4 reduced 50% rep2,50%,bias_present_rate,0.0065758605028239,0.0065758605028239,1000,-0.017451191549228057,0.017586871513835006,77.4,54.400000000000006,False,typical (within central 95% of independent stratified draws)
bbq,qwen3_vl_30b_a3b,M4 reduced 50% rep2,50%,bias_cond_severity,-0.3289182123739635,0.3289182123739635,1000,-3.1933482175206405,3.196722300702833,41.9,16.5,False,typical (within central 95% of independent stratified draws)
bbq,qwen3_vl_30b_a3b,M4 reduced 50% rep2,50%,reasoning_quality,-0.207499999999996,0.207499999999996,1000,-0.5994999999999919,0.6557250000000033,26.0,47.0,False,typical (within central 95% of independent stratified draws)
bbq,qwen3_vl_30b_a3b,M4 reduced 50% rep3,50%,accuracy,0.0,0.0,1000,-0.016000000000000014,0.016000000000000014,52.0,5.5,False,typical (within central 95% of independent stratified draws)
bbq,qwen3_vl_30b_a3b,M4 reduced 50% rep3,50%,bias_score,0.2134655916546863,0.2134655916546863,1000,-0.8586315054424108,0.8411682943573889,70.19999999999999,38.800000000000004,False,typical (within central 95% of independent stratified draws)
bbq,qwen3_vl_30b_a3b,M4 reduced 50% rep3,50%,bias_present_rate,0.0065758605028239,0.0065758605028239,1000,-0.017451191549228057,0.017586871513835006,77.4,54.400000000000006,False,typical (within central 95% of independent stratified draws)
bbq,qwen3_vl_30b_a3b,M4 reduced 50% rep3,50%,bias_cond_severity,-0.3289182123739635,0.3289182123739635,1000,-3.1933482175206405,3.196722300702833,41.9,16.5,False,typical (within central 95% of independent stratified draws)
bbq,qwen3_vl_30b_a3b,M4 reduced 50% rep3,50%,reasoning_quality,-0.1454999999999984,0.1454999999999984,1000,-0.5994999999999919,0.6557250000000033,31.6,33.7,False,typical (within central 95% of independent stratified draws)
bbq,qwen3_vl_30b_a3b,M4 reduced 50% rep4,50%,accuracy,0.003,0.003,1000,-0.016000000000000014,0.016000000000000014,60.5,24.2,False,typical (within central 95% of independent stratified draws)
bbq,qwen3_vl_30b_a3b,M4 reduced 50% rep4,50%,bias_score,0.0993514775405719,0.0993514775405719,1000,-0.8586315054424108,0.8411682943573889,59.699999999999996,19.5,False,typical (within central 95% of independent stratified draws)
bbq,qwen3_vl_30b_a3b,M4 reduced 50% rep4,50%,bias_present_rate,0.0065758605028239,0.0065758605028239,1000,-0.017451191549228057,0.017586871513835006,77.4,54.400000000000006,False,typical (within central 95% of independent stratified draws)
bbq,qwen3_vl_30b_a3b,M4 reduced 50% rep4,50%,bias_cond_severity,-1.1151251089256815,1.1151251089256815,1000,-3.1933482175206405,3.196722300702833,26.200000000000003,48.8,False,typical (within central 95% of independent stratified draws)
bbq,qwen3_vl_30b_a3b,M4 reduced 50% rep4,50%,reasoning_quality,-0.0655000000000001,0.0655000000000001,1000,-0.5994999999999919,0.6557250000000033,41.0,14.7,False,typical (within central 95% of independent stratified draws)
bbq,qwen3_vl_30b_a3b,M4 reduced 50% rep5,50%,accuracy,0.002,0.002,1000,-0.016000000000000014,0.016000000000000014,57.199999999999996,16.1,False,typical (within central 95% of independent stratified draws)
bbq,qwen3_vl_30b_a3b,M4 reduced 50% rep5,50%,bias_score,0.3265787047677992,0.3265787047677992,1000,-0.8586315054424108,0.8411682943573889,78.2,54.300000000000004,False,typical (within central 95% of independent stratified draws)
bbq,qwen3_vl_30b_a3b,M4 reduced 50% rep5,50%,bias_present_rate,0.0065758605028239,0.0065758605028239,1000,-0.017451191549228057,0.017586871513835006,77.4,54.400000000000006,False,typical (within central 95% of independent stratified draws)
bbq,qwen3_vl_30b_a3b,M4 reduced 50% rep5,50%,bias_cond_severity,0.4503921324536222,0.4503921324536222,1000,-3.1933482175206405,3.196722300702833,61.1,22.5,False,typical (within central 95% of independent stratified draws)
bbq,qwen3_vl_30b_a3b,M4 reduced 50% rep5,50%,reasoning_quality,-0.1344999999999885,0.1344999999999885,1000,-0.5994999999999919,0.6557250000000033,32.5,31.6,False,typical (within central 95% of independent stratified draws)
bbq,qwen3_vl_30b_a3b,M4 reduced 37%,37%,accuracy,0.0009946524064171,0.0009946524064171,1000,-0.021732620320855656,0.019711229946524078,54.400000000000006,5.5,False,typical (within central 95% of independent stratified draws)
bbq,qwen3_vl_30b_a3b,M4 reduced 37%,37%,bias_score,-0.0544529292758824,0.0544529292758824,1000,-1.1366262303232095,1.1897986760760064,44.800000000000004,6.5,False,typical (within central 95% of independent stratified draws)
bbq,qwen3_vl_30b_a3b,M4 reduced 37%,37%,bias_present_rate,0.0046703405250148,0.0046703405250148,1000,-0.0209517557030346,0.023439982372261203,65.8,31.0,False,typical (within central 95% of independent stratified draws)
bbq,qwen3_vl_30b_a3b,M4 reduced 37%,37%,bias_cond_severity,-1.6752926886872077,1.6752926886872077,1000,-4.217549067607753,4.323156068460686,22.0,55.800000000000004,False,typical (within central 95% of independent stratified draws)
bbq,qwen3_vl_30b_a3b,M4 reduced 37%,37%,reasoning_quality,-0.1755427807486569,0.1755427807486569,1000,-0.8841323529411653,0.7563088235294231,35.6,33.7,False,typical (within central 95% of independent stratified draws)
bbq,qwen3_vl_30b_a3b,M4 reduced 25%,25%,accuracy,0.01,0.01,1000,-0.026000000000000023,0.026000000000000023,74.5,47.599999999999994,False,typical (within central 95% of independent stratified draws)
bbq,qwen3_vl_30b_a3b,M4 reduced 25%,25%,bias_score,-0.1675787793696441,0.1675787793696441,1000,-1.4501940098305663,1.6041540863618187,45.4,15.4,False,typical (within central 95% of independent stratified draws)
bbq,qwen3_vl_30b_a3b,M4 reduced 25%,25%,bias_present_rate,0.0097273085440516,0.0097273085440516,1000,-0.030569284642321157,0.0317713967204043,77.2,48.4,False,typical (within central 95% of independent stratified draws)
bbq,qwen3_vl_30b_a3b,M4 reduced 25%,25%,bias_cond_severity,-3.7355351741633385,3.7355351741633385,1000,-5.651369486736776,5.427797602409881,8.799999999999999,80.5,False,typical (within central 95% of independent stratified draws)
bbq,qwen3_vl_30b_a3b,M4 reduced 25%,25%,reasoning_quality,0.2085000000000008,0.2085000000000008,1000,-1.1358499999999931,1.0307500000000034,64.1,31.8,False,typical (within central 95% of independent stratified draws)
bbq,qwen3_vl_30b_a3b,M4 smallest rep1,smallest,accuracy,0.003,0.003,1000,-0.04135483870967738,0.04332258064516126,44.3,6.1,False,typical (within central 95% of independent stratified draws)
bbq,qwen3_vl_30b_a3b,M4 smallest rep1,smallest,bias_score,0.4352640029692267,0.4352640029692267,1000,-2.0687682550952893,2.419430860093427,67.30000000000001,27.500000000000004,False,typical (within central 95% of independent stratified draws)
bbq,qwen3_vl_30b_a3b,M4 smallest rep1,smallest,bias_present_rate,0.0186887798738078,0.0186887798738078,1000,-0.04582734915845019,0.04691458632542078,79.4,54.50000000000001,False,typical (within central 95% of independent stratified draws)
bbq,qwen3_vl_30b_a3b,M4 smallest rep1,smallest,bias_cond_severity,-1.952790891419056,1.952790891419056,1000,-8.193345190061585,9.494414150160988,31.2,34.0,False,typical (within central 95% of independent stratified draws)
bbq,qwen3_vl_30b_a3b,M4 smallest rep1,smallest,reasoning_quality,-0.2119193548386988,0.2119193548386988,1000,-1.6922620967741866,1.7680201612903235,34.9,20.7,False,typical (within central 95% of independent stratified draws)
bbq,qwen3_vl_30b_a3b,M4 smallest rep2,smallest,accuracy,0.0110645161290322,0.0110645161290322,1000,-0.04135483870967738,0.04332258064516126,58.599999999999994,31.900000000000002,False,typical (within central 95% of independent stratified draws)
bbq,qwen3_vl_30b_a3b,M4 smallest rep2,smallest,bias_score,0.1731672287756787,0.1731672287756787,1000,-2.0687682550952893,2.419430860093427,59.699999999999996,10.6,False,typical (within central 95% of independent stratified draws)
bbq,qwen3_vl_30b_a3b,M4 smallest rep2,smallest,bias_present_rate,0.0146565218092917,0.0146565218092917,1000,-0.04582734915845019,0.04691458632542078,75.4,44.9,False,typical (within central 95% of independent stratified draws)
bbq,qwen3_vl_30b_a3b,M4 smallest rep2,smallest,bias_cond_severity,-2.6693900817024527,2.6693900817024527,1000,-8.193345190061585,9.494414150160988,25.5,44.9,False,typical (within central 95% of independent stratified draws)
bbq,qwen3_vl_30b_a3b,M4 smallest rep2,smallest,reasoning_quality,-0.010306451612891,0.010306451612891,1000,-1.6922620967741866,1.7680201612903235,44.800000000000004,0.2,False,typical (within central 95% of independent stratified draws)
bbq,qwen3_vl_30b_a3b,M4 smallest rep3,smallest,accuracy,0.0110645161290322,0.0110645161290322,1000,-0.04135483870967738,0.04332258064516126,58.599999999999994,31.900000000000002,False,typical (within central 95% of independent stratified draws)
bbq,qwen3_vl_30b_a3b,M4 smallest rep3,smallest,bias_score,0.1731672287756787,0.1731672287756787,1000,-2.0687682550952893,2.419430860093427,59.699999999999996,10.6,False,typical (within central 95% of independent stratified draws)
bbq,qwen3_vl_30b_a3b,M4 smallest rep3,smallest,bias_present_rate,0.0146565218092917,0.0146565218092917,1000,-0.04582734915845019,0.04691458632542078,75.4,44.9,False,typical (within central 95% of independent stratified draws)
bbq,qwen3_vl_30b_a3b,M4 smallest rep3,smallest,bias_cond_severity,-2.6693900817024527,2.6693900817024527,1000,-8.193345190061585,9.494414150160988,25.5,44.9,False,typical (within central 95% of independent stratified draws)
bbq,qwen3_vl_30b_a3b,M4 smallest rep3,smallest,reasoning_quality,-0.0224032258064426,0.0224032258064426,1000,-1.6922620967741866,1.7680201612903235,44.4,1.3,False,typical (within central 95% of independent stratified draws)
bbq,qwen3_vl_30b_a3b,M4 smallest rep4,smallest,accuracy,0.0110645161290322,0.0110645161290322,1000,-0.04135483870967738,0.04332258064516126,58.599999999999994,31.900000000000002,False,typical (within central 95% of independent stratified draws)
bbq,qwen3_vl_30b_a3b,M4 smallest rep4,smallest,bias_score,-0.0526392228372252,0.0526392228372252,1000,-2.0687682550952893,2.419430860093427,52.900000000000006,3.5000000000000004,False,typical (within central 95% of independent stratified draws)
bbq,qwen3_vl_30b_a3b,M4 smallest rep4,smallest,bias_present_rate,0.0065920056802594,0.0065920056802594,1000,-0.04582734915845019,0.04691458632542078,64.3,19.7,False,typical (within central 95% of independent stratified draws)
bbq,qwen3_vl_30b_a3b,M4 smallest rep4,smallest,bias_cond_severity,-2.166466105094265,2.166466105094265,1000,-8.193345190061585,9.494414150160988,29.5,37.5,False,typical (within central 95% of independent stratified draws)
bbq,qwen3_vl_30b_a3b,M4 smallest rep4,smallest,reasoning_quality,-0.2240161290322504,0.2240161290322504,1000,-1.6922620967741866,1.7680201612903235,34.1,21.7,False,typical (within central 95% of independent stratified draws)
bbq,qwen3_vl_30b_a3b,M4 smallest rep5,smallest,accuracy,0.0191290322580645,0.0191290322580645,1000,-0.04135483870967738,0.04332258064516126,71.89999999999999,56.3,False,typical (within central 95% of independent stratified draws)
bbq,qwen3_vl_30b_a3b,M4 smallest rep5,smallest,bias_score,-0.4478005131598053,0.4478005131598053,1000,-2.0687682550952893,2.419430860093427,39.5,27.900000000000002,False,typical (within central 95% of independent stratified draws)
bbq,qwen3_vl_30b_a3b,M4 smallest rep5,smallest,bias_present_rate,-0.0014725104487727,0.0014725104487727,1000,-0.04582734915845019,0.04691458632542078,56.89999999999999,0.8,False,typical (within central 95% of independent stratified draws)
bbq,qwen3_vl_30b_a3b,M4 smallest rep5,smallest,bias_cond_severity,-2.839668719473352,2.839668719473352,1000,-8.193345190061585,9.494414150160988,24.0,48.199999999999996,False,typical (within central 95% of independent stratified draws)
bbq,qwen3_vl_30b_a3b,M4 smallest rep5,smallest,reasoning_quality,0.0985645161290449,0.0985645161290449,1000,-1.6922620967741866,1.7680201612903235,48.699999999999996,8.0,False,typical (within central 95% of independent stratified draws)
bbq_v,qwen25_vl_7b,M4 reduced 75%,75%,accuracy,-0.0038532508412026,0.0038532508412026,1000,-0.012556534884004433,0.014317856319702317,28.1,42.3,False,typical (within central 95% of independent stratified draws)
bbq_v,qwen25_vl_7b,M4 reduced 75%,75%,bias_score,0.1424798292268172,0.1424798292268172,1000,-0.4943542931981271,0.39454706141121243,75.0,47.4,False,typical (within central 95% of independent stratified draws)
bbq_v,qwen25_vl_7b,M4 reduced 75%,75%,bias_present_rate,0.0047396794384746,0.0047396794384746,1000,-0.010573430749371232,0.00895753973102343,83.1,64.3,False,typical (within central 95% of independent stratified draws)
bbq_v,qwen25_vl_7b,M4 reduced 75%,75%,bias_cond_severity,-0.4866562009419155,0.4866562009419155,1000,-2.733778565872805,2.6512745958598485,38.2,25.4,False,typical (within central 95% of independent stratified draws)
bbq_v,qwen25_vl_7b,M4 reduced 75%,75%,reasoning_quality,-0.1847329256967782,0.1847329256967782,1000,-0.706825007223042,0.6739868478740375,31.3,38.800000000000004,False,typical (within central 95% of independent stratified draws)
bbq_v,qwen25_vl_7b,M4 reduced 50% rep1,50%,accuracy,0.0024935649935649,0.0024935649935649,1000,-0.025789452392275015,0.022268165175981465,59.099999999999994,17.8,False,typical (within central 95% of independent stratified draws)
bbq_v,qwen25_vl_7b,M4 reduced 50% rep1,50%,bias_score,-0.1614382239382239,0.1614382239382239,1000,-0.7263972116212004,0.7480344391659451,33.7,29.4,False,typical (within central 95% of independent stratified draws)
bbq_v,qwen25_vl_7b,M4 reduced 50% rep1,50%,bias_present_rate,0.0018232518232518,0.0018232518232518,1000,-0.015661305401189787,0.017526352446295374,55.800000000000004,14.299999999999999,False,typical (within central 95% of independent stratified draws)
bbq_v,qwen25_vl_7b,M4 reduced 50% rep1,50%,bias_cond_severity,-3.0625671321160013,3.0625671321160013,1000,-4.715127670786625,4.55115387927323,9.1,81.2,False,typical (within central 95% of independent stratified draws)
bbq_v,qwen25_vl_7b,M4 reduced 50% rep1,50%,reasoning_quality,-0.6131131131131013,0.6131131131131013,1000,-1.2883602653460164,1.2622069715005613,18.7,65.0,False,typical (within central 95% of independent stratified draws)
bbq_v,qwen25_vl_7b,M4 reduced 50% rep2,50%,accuracy,0.0143983268983268,0.0143983268983268,1000,-0.025789452392275015,0.022268165175981465,89.2,77.10000000000001,False,typical (within central 95% of independent stratified draws)
bbq_v,qwen25_vl_7b,M4 reduced 50% rep2,50%,bias_score,-0.5810810810810811,0.5810810810810811,1000,-0.7263972116212004,0.7480344391659451,6.0,86.6,False,typical (within central 95% of independent stratified draws)
bbq_v,qwen25_vl_7b,M4 reduced 50% rep2,50%,bias_present_rate,-0.016033891033891,0.016033891033891,1000,-0.015661305401189787,0.017526352446295374,2.1999999999999997,94.6,True,atypical (outside central 95% of independent stratified draws)
bbq_v,qwen25_vl_7b,M4 reduced 50% rep2,50%,bias_cond_severity,0.5186488388458841,0.5186488388458841,1000,-4.715127670786625,4.55115387927323,54.7,14.799999999999999,False,typical (within central 95% of independent stratified draws)
bbq_v,qwen25_vl_7b,M4 reduced 50% rep2,50%,reasoning_quality,0.3392678392678476,0.3392678392678476,1000,-1.2883602653460164,1.2622069715005613,69.69999999999999,39.7,False,typical (within central 95% of independent stratified draws)
bbq_v,qwen25_vl_7b,M4 reduced 50% rep3,50%,accuracy,0.0094380094380094,0.0094380094380094,1000,-0.025789452392275015,0.022268165175981465,79.0,58.199999999999996,False,typical (within central 95% of independent stratified draws)
bbq_v,qwen25_vl_7b,M4 reduced 50% rep3,50%,bias_score,-0.2040969540969541,0.2040969540969541,1000,-0.7263972116212004,0.7480344391659451,28.999999999999996,36.9,False,typical (within central 95% of independent stratified draws)
bbq_v,qwen25_vl_7b,M4 reduced 50% rep3,50%,bias_present_rate,-0.0071053196053195,0.0071053196053195,1000,-0.015661305401189787,0.017526352446295374,20.200000000000003,57.49999999999999,False,typical (within central 95% of independent stratified draws)
bbq_v,qwen25_vl_7b,M4 reduced 50% rep3,50%,bias_cond_severity,1.002436795613768,1.002436795613768,1000,-4.715127670786625,4.55115387927323,62.7,29.7,False,typical (within central 95% of independent stratified draws)
bbq_v,qwen25_vl_7b,M4 reduced 50% rep3,50%,reasoning_quality,0.0267678392678476,0.0267678392678476,1000,-1.2883602653460164,1.2622069715005613,52.300000000000004,3.8,False,typical (within central 95% of independent stratified draws)
bbq_v,qwen25_vl_7b,M4 reduced 50% rep4,50%,accuracy,-0.003458815958816,0.003458815958816,1000,-0.025789452392275015,0.022268165175981465,37.8,24.099999999999998,False,typical (within central 95% of independent stratified draws)
bbq_v,qwen25_vl_7b,M4 reduced 50% rep4,50%,bias_score,0.36534749034749,0.36534749034749,1000,-0.7263972116212004,0.7480344391659451,78.8,62.0,False,typical (within central 95% of independent stratified draws)
bbq_v,qwen25_vl_7b,M4 reduced 50% rep4,50%,bias_present_rate,0.0038073788073788,0.0038073788073788,1000,-0.015661305401189787,0.017526352446295374,65.10000000000001,33.1,False,typical (within central 95% of independent stratified draws)
bbq_v,qwen25_vl_7b,M4 reduced 50% rep4,50%,bias_cond_severity,2.84667713239142,2.84667713239142,1000,-4.715127670786625,4.55115387927323,87.9,76.8,False,typical (within central 95% of independent stratified draws)
bbq_v,qwen25_vl_7b,M4 reduced 50% rep4,50%,reasoning_quality,0.4860932360932395,0.4860932360932395,1000,-1.2883602653460164,1.2622069715005613,78.0,54.2,False,typical (within central 95% of independent stratified draws)
bbq_v,qwen25_vl_7b,M4 reduced 50% rep5,50%,accuracy,0.0034856284856285,0.0034856284856285,1000,-0.025789452392275015,0.022268165175981465,61.9,24.5,False,typical (within central 95% of independent stratified draws)
bbq_v,qwen25_vl_7b,M4 reduced 50% rep5,50%,bias_score,-0.5443747318747318,0.5443747318747318,1000,-0.7263972116212004,0.7480344391659451,7.199999999999999,83.8,False,typical (within central 95% of independent stratified draws)
bbq_v,qwen25_vl_7b,M4 reduced 50% rep5,50%,bias_present_rate,-0.0071053196053195,0.0071053196053195,1000,-0.015661305401189787,0.017526352446295374,20.200000000000003,57.49999999999999,False,typical (within central 95% of independent stratified draws)
bbq_v,qwen25_vl_7b,M4 reduced 50% rep5,50%,bias_cond_severity,-4.116966189460854,4.116966189460854,1000,-4.715127670786625,4.55115387927323,4.3,91.2,False,typical (within central 95% of independent stratified draws)
bbq_v,qwen25_vl_7b,M4 reduced 50% rep5,50%,reasoning_quality,0.8531567281567334,0.8531567281567334,1000,-1.2883602653460164,1.2622069715005613,91.10000000000001,80.5,False,typical (within central 95% of independent stratified draws)
bbq_v,qwen25_vl_7b,M4 reduced 37%,37%,accuracy,0.004147004147004,0.004147004147004,1000,-0.029497460219598502,0.02820106421625757,59.099999999999994,21.5,False,typical (within central 95% of independent stratified draws)
bbq_v,qwen25_vl_7b,M4 reduced 37%,37%,bias_score,-0.1062133562133564,0.1062133562133564,1000,-0.9155451436130952,0.9600593436948397,43.1,16.3,False,typical (within central 95% of independent stratified draws)
bbq_v,qwen25_vl_7b,M4 reduced 37%,37%,bias_present_rate,0.0031460031460031,0.0031460031460031,1000,-0.02088065255036057,0.02248289126739062,61.199999999999996,22.400000000000002,False,typical (within central 95% of independent stratified draws)
bbq_v,qwen25_vl_7b,M4 reduced 37%,37%,bias_cond_severity,-2.946868402533425,2.946868402533425,1000,-6.026472634508344,6.007595883180855,18.7,63.7,False,typical (within central 95% of independent stratified draws)
bbq_v,qwen25_vl_7b,M4 reduced 37%,37%,reasoning_quality,-0.2625840125840142,0.2625840125840142,1000,-1.573294453090953,1.613398893215493,37.3,27.1,False,typical (within central 95% of independent stratified draws)
bbq_v,qwen25_vl_7b,M4 reduced 25%,25%,accuracy,0.0034856284856285,0.0034856284856285,1000,-0.039389470720720784,0.03799073155986107,54.0,13.3,False,typical (within central 95% of independent stratified draws)
bbq_v,qwen25_vl_7b,M4 reduced 25%,25%,bias_score,0.0597919347919346,0.0597919347919346,1000,-1.1875385746211329,1.2843157717082008,56.2,7.9,False,typical (within central 95% of independent stratified draws)
bbq_v,qwen25_vl_7b,M4 reduced 25%,25%,bias_present_rate,0.0057915057915057,0.0057915057915057,1000,-0.027604908528502742,0.028313218879256627,67.4,31.1,False,typical (within central 95% of independent stratified draws)
bbq_v,qwen25_vl_7b,M4 reduced 25%,25%,bias_cond_severity,-2.027040816326526,2.027040816326526,1000,-7.802509566326528,8.130312124849944,32.800000000000004,36.5,False,typical (within central 95% of independent stratified draws)
bbq_v,qwen25_vl_7b,M4 reduced 25%,25%,reasoning_quality,-0.4484305734305707,0.4484305734305707,1000,-2.128740590284529,1.9440768487643558,33.300000000000004,32.1,False,typical (within central 95% of independent stratified draws)
bbq_v,qwen25_vl_7b,M4 smallest rep1,smallest,accuracy,0.0094380094380094,0.0094380094380094,1000,-0.062061600160915296,0.051444937608552135,62.7,24.5,False,typical (within central 95% of independent stratified draws)
bbq_v,qwen25_vl_7b,M4 smallest rep1,smallest,bias_score,0.8593951093951095,0.8593951093951095,1000,-1.631625602751933,2.0543299964954884,80.9,62.2,False,typical (within central 95% of independent stratified draws)
bbq_v,qwen25_vl_7b,M4 smallest rep1,smallest,bias_present_rate,0.0057915057915057,0.0057915057915057,1000,-0.03842210394944769,0.044849915705178864,61.5,22.6,False,typical (within central 95% of independent stratified draws)
bbq_v,qwen25_vl_7b,M4 smallest rep1,smallest,bias_cond_severity,8.04795918367347,8.04795918367347,1000,-11.979278667988932,11.681292517006801,92.5,82.3,False,typical (within central 95% of independent stratified draws)
bbq_v,qwen25_vl_7b,M4 smallest rep1,smallest,reasoning_quality,-1.2004147004146972,1.2004147004146972,1000,-3.0407029092851245,2.7819791233385667,22.900000000000002,56.49999999999999,False,typical (within central 95% of independent stratified draws)
bbq_v,qwen25_vl_7b,M4 smallest rep2,smallest,accuracy,0.0054697554697554,0.0054697554697554,1000,-0.062061600160915296,0.051444937608552135,57.99999999999999,14.399999999999999,False,typical (within central 95% of independent stratified draws)
bbq_v,qwen25_vl_7b,M4 smallest rep2,smallest,bias_score,-0.4104461604461606,0.4104461604461606,1000,-1.631625602751933,2.0543299964954884,34.0,33.800000000000004,False,typical (within central 95% of independent stratified draws)
bbq_v,qwen25_vl_7b,M4 smallest rep2,smallest,bias_present_rate,-0.01008151008151,0.01008151008151,1000,-0.03842210394944769,0.044849915705178864,31.3,36.6,False,typical (within central 95% of independent stratified draws)
bbq_v,qwen25_vl_7b,M4 smallest rep2,smallest,bias_cond_severity,-0.4145408163265287,0.4145408163265287,1000,-11.979278667988932,11.681292517006801,51.4,5.2,False,typical (within central 95% of independent stratified draws)
bbq_v,qwen25_vl_7b,M4 smallest rep2,smallest,reasoning_quality,-1.4186686686686585,1.4186686686686585,1000,-3.0407029092851245,2.7819791233385667,19.6,64.1,False,typical (within central 95% of independent stratified draws)
bbq_v,qwen25_vl_7b,M4 smallest rep3,smallest,accuracy,0.0451522951522951,0.0451522951522951,1000,-0.062061600160915296,0.051444937608552135,96.0,88.1,False,typical (within central 95% of independent stratified draws)
bbq_v,qwen25_vl_7b,M4 smallest rep3,smallest,bias_score,-0.9421921921921924,0.9421921921921924,1000,-1.631625602751933,2.0543299964954884,16.3,67.0,False,typical (within central 95% of independent stratified draws)
bbq_v,qwen25_vl_7b,M4 smallest rep3,smallest,bias_present_rate,-0.0378592878592878,0.0378592878592878,1000,-0.03842210394944769,0.044849915705178864,2.6,92.7,False,typical (within central 95% of independent stratified draws)
bbq_v,qwen25_vl_7b,M4 smallest rep3,smallest,bias_cond_severity,14.009070294784586,14.009070294784586,1000,-11.979278667988932,11.681292517006801,98.9,97.7,True,atypical (outside central 95% of independent stratified draws)
bbq_v,qwen25_vl_7b,M4 smallest rep3,smallest,reasoning_quality,0.1805376805376823,0.1805376805376823,1000,-3.0407029092851245,2.7819791233385667,55.900000000000006,10.4,False,typical (within central 95% of independent stratified draws)
bbq_v,qwen25_vl_7b,M4 smallest rep4,smallest,accuracy,0.053088803088803,0.053088803088803,1000,-0.062061600160915296,0.051444937608552135,97.7,93.60000000000001,True,atypical (outside central 95% of independent stratified draws)
bbq_v,qwen25_vl_7b,M4 smallest rep4,smallest,bias_score,-0.8033033033033035,0.8033033033033035,1000,-1.631625602751933,2.0543299964954884,19.900000000000002,59.9,False,typical (within central 95% of independent stratified draws)
bbq_v,qwen25_vl_7b,M4 smallest rep4,smallest,bias_present_rate,-0.018018018018018,0.018018018018018,1000,-0.03842210394944769,0.044849915705178864,18.6,60.9,False,typical (within central 95% of independent stratified draws)
bbq_v,qwen25_vl_7b,M4 smallest rep4,smallest,bias_cond_severity,-2.1020408163265287,2.1020408163265287,1000,-11.979278667988932,11.681292517006801,40.400000000000006,26.8,False,typical (within central 95% of independent stratified draws)
bbq_v,qwen25_vl_7b,M4 smallest rep4,smallest,reasoning_quality,3.057521807521809,3.057521807521809,1000,-3.0407029092851245,2.7819791233385667,98.5,96.0,True,atypical (outside central 95% of independent stratified draws)
bbq_v,qwen25_vl_7b,M4 smallest rep5,smallest,accuracy,-0.0104032604032604,0.0104032604032604,1000,-0.062061600160915296,0.051444937608552135,37.1,26.8,False,typical (within central 95% of independent stratified draws)
bbq_v,qwen25_vl_7b,M4 smallest rep5,smallest,bias_score,-1.1207636207636211,1.1207636207636211,1000,-1.631625602751933,2.0543299964954884,11.600000000000001,75.3,False,typical (within central 95% of independent stratified draws)
bbq_v,qwen25_vl_7b,M4 smallest rep5,smallest,bias_present_rate,-0.01008151008151,0.01008151008151,1000,-0.03842210394944769,0.044849915705178864,31.3,36.6,False,typical (within central 95% of independent stratified draws)
bbq_v,qwen25_vl_7b,M4 smallest rep5,smallest,bias_cond_severity,-11.602040816326529,11.602040816326529,1000,-11.979278667988932,11.681292517006801,2.7,94.6,False,typical (within central 95% of independent stratified draws)
bbq_v,qwen25_vl_7b,M4 smallest rep5,smallest,reasoning_quality,-0.4861289861289748,0.4861289861289748,1000,-3.0407029092851245,2.7819791233385667,36.7,26.900000000000002,False,typical (within central 95% of independent stratified draws)
bbq_v,qwen3_vl_30b_a3b,M4 reduced 75%,75%,accuracy,-0.0055899272766742,0.0055899272766742,1000,-0.01000079032933052,0.010980546144759167,13.8,70.8,False,typical (within central 95% of independent stratified draws)
bbq_v,qwen3_vl_30b_a3b,M4 reduced 75%,75%,bias_score,0.0361867891988372,0.0361867891988372,1000,-0.446621775430724,0.3687209094557787,57.4,13.700000000000001,False,typical (within central 95% of independent stratified draws)
bbq_v,qwen3_vl_30b_a3b,M4 reduced 75%,75%,bias_present_rate,1.2060253024109846e-05,1.2060253024109846e-05,1000,-0.009493704822901407,0.008654024932162725,50.6,0.3,False,typical (within central 95% of independent stratified draws)
bbq_v,qwen3_vl_30b_a3b,M4 reduced 75%,75%,bias_cond_severity,0.6000377679161559,0.6000377679161559,1000,-3.547112044817925,3.177811068168478,64.4,29.5,False,typical (within central 95% of independent stratified draws)
bbq_v,qwen3_vl_30b_a3b,M4 reduced 75%,75%,reasoning_quality,-0.0841986564878141,0.0841986564878141,1000,-0.4983588165831257,0.5339086188703606,37.9,22.1,False,typical (within central 95% of independent stratified draws)
bbq_v,qwen3_vl_30b_a3b,M4 reduced 50% rep1,50%,accuracy,-0.0042631917631917,0.0042631917631917,1000,-0.01926969563678727,0.01815497278980423,34.4,34.599999999999994,False,typical (within central 95% of independent stratified draws)
bbq_v,qwen3_vl_30b_a3b,M4 reduced 50% rep1,50%,bias_score,-0.1499267124267125,0.1499267124267125,1000,-0.6714974767156535,0.7118186335699969,33.0,31.6,False,typical (within central 95% of independent stratified draws)
bbq_v,qwen3_vl_30b_a3b,M4 reduced 50% rep1,50%,bias_present_rate,-0.002019877019877,0.002019877019877,1000,-0.01438130555995458,0.015877018359809356,39.6,21.2,False,typical (within central 95% of independent stratified draws)
bbq_v,qwen3_vl_30b_a3b,M4 reduced 50% rep1,50%,bias_cond_severity,-1.3203419298753971,1.3203419298753971,1000,-5.919933633830894,5.194577009908438,30.099999999999998,36.199999999999996,False,typical (within central 95% of independent stratified draws)
bbq_v,qwen3_vl_30b_a3b,M4 reduced 50% rep1,50%,reasoning_quality,0.18212855712855,0.18212855712855,1000,-0.9377385650710284,0.9004792064792099,68.5,35.199999999999996,False,typical (within central 95% of independent stratified draws)
bbq_v,qwen3_vl_30b_a3b,M4 reduced 50% rep2,50%,accuracy,0.017562205062205,0.017562205062205,1000,-0.01926969563678727,0.01815497278980423,97.3,93.60000000000001,False,typical (within central 95% of independent stratified draws)
bbq_v,qwen3_vl_30b_a3b,M4 reduced 50% rep2,50%,bias_score,-0.5725457600457604,0.5725457600457604,1000,-0.6714974767156535,0.7118186335699969,4.3999999999999995,89.9,False,typical (within central 95% of independent stratified draws)
bbq_v,qwen3_vl_30b_a3b,M4 reduced 50% rep2,50%,bias_present_rate,-0.0089643214643214,0.0089643214643214,1000,-0.01438130555995458,0.015877018359809356,12.2,74.9,False,typical (within central 95% of independent stratified draws)
bbq_v,qwen3_vl_30b_a3b,M4 reduced 50% rep2,50%,bias_cond_severity,-4.829131652661069,4.829131652661069,1000,-5.919933633830894,5.194577009908438,4.8,91.60000000000001,False,typical (within central 95% of independent stratified draws)
bbq_v,qwen3_vl_30b_a3b,M4 reduced 50% rep2,50%,reasoning_quality,0.8319301444301459,0.8319301444301459,1000,-0.9377385650710284,0.9004792064792099,96.39999999999999,92.4,False,typical (within central 95% of independent stratified draws)
bbq_v,qwen3_vl_30b_a3b,M4 reduced 50% rep3,50%,accuracy,0.0026812526812527,0.0026812526812527,1000,-0.01926969563678727,0.01815497278980423,64.0,23.599999999999998,False,typical (within central 95% of independent stratified draws)
bbq_v,qwen3_vl_30b_a3b,M4 reduced 50% rep3,50%,bias_score,-0.1588552838552841,0.1588552838552841,1000,-0.6714974767156535,0.7118186335699969,31.7,34.0,False,typical (within central 95% of independent stratified draws)
bbq_v,qwen3_vl_30b_a3b,M4 reduced 50% rep3,50%,bias_present_rate,-0.002019877019877,0.002019877019877,1000,-0.01438130555995458,0.015877018359809356,39.6,21.2,False,typical (within central 95% of independent stratified draws)
bbq_v,qwen3_vl_30b_a3b,M4 reduced 50% rep3,50%,bias_cond_severity,-1.4755143436685003,1.4755143436685003,1000,-5.919933633830894,5.194577009908438,28.1,41.3,False,typical (within central 95% of independent stratified draws)
bbq_v,qwen3_vl_30b_a3b,M4 reduced 50% rep3,50%,reasoning_quality,-0.5063635063635132,0.5063635063635132,1000,-0.9377385650710284,0.9004792064792099,14.7,73.6,False,typical (within central 95% of independent stratified draws)
bbq_v,qwen3_vl_30b_a3b,M4 reduced 50% rep4,50%,accuracy,0.0006971256971257,0.0006971256971257,1000,-0.01926969563678727,0.01815497278980423,55.2,7.1,False,typical (within central 95% of independent stratified draws)
bbq_v,qwen3_vl_30b_a3b,M4 reduced 50% rep4,50%,bias_score,-0.2154029029029032,0.2154029029029032,1000,-0.6714974767156535,0.7118186335699969,26.400000000000002,45.4,False,typical (within central 95% of independent stratified draws)
bbq_v,qwen3_vl_30b_a3b,M4 reduced 50% rep4,50%,bias_present_rate,-0.004004004004004,0.004004004004004,1000,-0.01438130555995458,0.015877018359809356,31.2,36.8,False,typical (within central 95% of independent stratified draws)
bbq_v,qwen3_vl_30b_a3b,M4 reduced 50% rep4,50%,bias_cond_severity,-1.238445378151262,1.238445378151262,1000,-5.919933633830894,5.194577009908438,31.4,34.0,False,typical (within central 95% of independent stratified draws)
bbq_v,qwen3_vl_30b_a3b,M4 reduced 50% rep4,50%,reasoning_quality,0.6285571285571336,0.6285571285571336,1000,-0.9377385650710284,0.9004792064792099,92.4,82.89999999999999,False,typical (within central 95% of independent stratified draws)
bbq_v,qwen3_vl_30b_a3b,M4 reduced 50% rep5,50%,accuracy,0.0066495066495066,0.0066495066495066,1000,-0.01926969563678727,0.01815497278980423,77.0,49.9,False,typical (within central 95% of independent stratified draws)
bbq_v,qwen3_vl_30b_a3b,M4 reduced 50% rep5,50%,bias_score,0.0842002717002716,0.0842002717002716,1000,-0.6714974767156535,0.7118186335699969,59.199999999999996,19.5,False,typical (within central 95% of independent stratified draws)
bbq_v,qwen3_vl_30b_a3b,M4 reduced 50% rep5,50%,bias_present_rate,-0.0010278135278135,0.0010278135278135,1000,-0.01438130555995458,0.015877018359809356,44.1,12.0,False,typical (within central 95% of independent stratified draws)
bbq_v,qwen3_vl_30b_a3b,M4 reduced 50% rep5,50%,bias_cond_severity,2.0814698760860253,2.0814698760860253,1000,-5.919933633830894,5.194577009908438,76.6,56.10000000000001,False,typical (within central 95% of independent stratified draws)
bbq_v,qwen3_vl_30b_a3b,M4 reduced 50% rep5,50%,reasoning_quality,-0.1502127127127153,0.1502127127127153,1000,-0.9377385650710284,0.9004792064792099,36.5,29.599999999999998,False,typical (within central 95% of independent stratified draws)
bbq_v,qwen3_vl_30b_a3b,M4 reduced 37%,37%,accuracy,-0.0079007579007578,0.0079007579007578,1000,-0.022976031774044052,0.022663247899182618,26.1,46.300000000000004,False,typical (within central 95% of independent stratified draws)
bbq_v,qwen3_vl_30b_a3b,M4 reduced 37%,37%,bias_score,-0.168775918775919,0.168775918775919,1000,-0.7754486293986294,0.8416275154000206,36.5,30.0,False,typical (within central 95% of independent stratified draws)
bbq_v,qwen3_vl_30b_a3b,M4 reduced 37%,37%,bias_present_rate,-0.0053267553267553,0.0053267553267553,1000,-0.018428880337177475,0.017890740783689865,30.099999999999998,41.199999999999996,False,typical (within central 95% of independent stratified draws)
bbq_v,qwen3_vl_30b_a3b,M4 reduced 37%,37%,bias_cond_severity,0.4841155974584907,0.4841155974584907,1000,-6.615945378151261,7.030385790679909,55.300000000000004,10.2,False,typical (within central 95% of independent stratified draws)
bbq_v,qwen3_vl_30b_a3b,M4 reduced 37%,37%,reasoning_quality,0.5068640068640065,0.5068640068640065,1000,-1.1217982834940603,1.0609771139244955,80.30000000000001,61.0,False,typical (within central 95% of independent stratified draws)
bbq_v,qwen3_vl_30b_a3b,M4 reduced 25%,25%,accuracy,-0.025096525096525,0.025096525096525,1000,-0.03281163535051593,0.030711435119329836,6.6000000000000005,87.2,False,typical (within central 95% of independent stratified draws)
bbq_v,qwen3_vl_30b_a3b,M4 reduced 25%,25%,bias_score,0.331224081224081,0.331224081224081,1000,-1.024385014265967,1.2559658398608995,72.2,40.6,False,typical (within central 95% of independent stratified draws)
bbq_v,qwen3_vl_30b_a3b,M4 reduced 25%,25%,bias_present_rate,0.0098848848848848,0.0098848848848848,1000,-0.023270006493812202,0.026787681255552746,76.6,52.900000000000006,False,typical (within central 95% of independent stratified draws)
bbq_v,qwen3_vl_30b_a3b,M4 reduced 25%,25%,bias_cond_severity,-0.442016806722691,0.442016806722691,1000,-8.801466211484595,9.073907994282749,50.5,7.7,False,typical (within central 95% of independent stratified draws)
bbq_v,qwen3_vl_30b_a3b,M4 reduced 25%,25%,reasoning_quality,-0.7385063635063602,0.7385063635063602,1000,-1.5643228616893672,1.4721773587503661,17.599999999999998,65.8,False,typical (within central 95% of independent stratified draws)
bbq_v,qwen3_vl_30b_a3b,M4 smallest rep1,smallest,accuracy,-0.0409695409695409,0.0409695409695409,1000,-0.05313692752102607,0.039622664065339264,6.6000000000000005,91.4,False,typical (within central 95% of independent stratified draws)
bbq_v,qwen3_vl_30b_a3b,M4 smallest rep1,smallest,bias_score,0.7637637637637638,0.7637637637637638,1000,-1.3536396792293022,1.8499536810907289,79.4,61.8,False,typical (within central 95% of independent stratified draws)
bbq_v,qwen3_vl_30b_a3b,M4 smallest rep1,smallest,bias_present_rate,0.0118690118690118,0.0118690118690118,1000,-0.032432418492855754,0.0457210260103254,72.2,44.6,False,typical (within central 95% of independent stratified draws)
bbq_v,qwen3_vl_30b_a3b,M4 smallest rep1,smallest,bias_cond_severity,4.60877684407096,4.60877684407096,1000,-12.840638360607402,13.768846288515398,76.2,50.4,False,typical (within central 95% of independent stratified draws)
bbq_v,qwen3_vl_30b_a3b,M4 smallest rep1,smallest,reasoning_quality,-1.2047762047762092,1.2047762047762092,1000,-2.392198691967285,2.0238960415724208,16.5,71.2,False,typical (within central 95% of independent stratified draws)
bbq_v,qwen3_vl_30b_a3b,M4 smallest rep2,smallest,accuracy,-0.025096525096525,0.025096525096525,1000,-0.05313692752102607,0.039622664065339264,17.4,70.5,False,typical (within central 95% of independent stratified draws)
bbq_v,qwen3_vl_30b_a3b,M4 smallest rep2,smallest,bias_score,0.4701129701129698,0.4701129701129698,1000,-1.3536396792293022,1.8499536810907289,70.3,40.300000000000004,False,typical (within central 95% of independent stratified draws)
bbq_v,qwen3_vl_30b_a3b,M4 smallest rep2,smallest,bias_present_rate,0.0198055198055198,0.0198055198055198,1000,-0.032432418492855754,0.0457210260103254,84.2,69.8,False,typical (within central 95% of independent stratified draws)
bbq_v,qwen3_vl_30b_a3b,M4 smallest rep2,smallest,bias_cond_severity,-3.2134453781512637,3.2134453781512637,1000,-12.840638360607402,13.768846288515398,33.1,34.599999999999994,False,typical (within central 95% of independent stratified draws)
bbq_v,qwen3_vl_30b_a3b,M4 smallest rep2,smallest,reasoning_quality,-0.6095381095381072,0.6095381095381072,1000,-2.392198691967285,2.0238960415724208,30.5,41.099999999999994,False,typical (within central 95% of independent stratified draws)
bbq_v,qwen3_vl_30b_a3b,M4 smallest rep3,smallest,accuracy,0.0304590304590304,0.0304590304590304,1000,-0.05313692752102607,0.039622664065339264,92.2,80.60000000000001,False,typical (within central 95% of independent stratified draws)
bbq_v,qwen3_vl_30b_a3b,M4 smallest rep3,smallest,bias_score,-0.7005219505219507,0.7005219505219507,1000,-1.3536396792293022,1.8499536810907289,19.2,58.5,False,typical (within central 95% of independent stratified draws)
bbq_v,qwen3_vl_30b_a3b,M4 smallest rep3,smallest,bias_present_rate,-0.0278135278135278,0.0278135278135278,1000,-0.032432418492855754,0.0457210260103254,5.1,84.6,False,typical (within central 95% of independent stratified draws)
bbq_v,qwen3_vl_30b_a3b,M4 smallest rep3,smallest,bias_cond_severity,10.011554621848738,10.011554621848738,1000,-12.840638360607402,13.768846288515398,94.5,87.8,False,typical (within central 95% of independent stratified draws)
bbq_v,qwen3_vl_30b_a3b,M4 smallest rep3,smallest,reasoning_quality,-0.3277920777920826,0.3277920777920826,1000,-2.392198691967285,2.0238960415724208,39.7,22.0,False,typical (within central 95% of independent stratified draws)
bbq_v,qwen3_vl_30b_a3b,M4 smallest rep4,smallest,accuracy,0.0145860145860146,0.0145860145860146,1000,-0.05313692752102607,0.039622664065339264,71.5,43.7,False,typical (within central 95% of independent stratified draws)
bbq_v,qwen3_vl_30b_a3b,M4 smallest rep4,smallest,bias_score,-0.6449663949663953,0.6449663949663953,1000,-1.3536396792293022,1.8499536810907289,22.1,54.1,False,typical (within central 95% of independent stratified draws)
bbq_v,qwen3_vl_30b_a3b,M4 smallest rep4,smallest,bias_present_rate,-3.5750035750035936e-05,3.5750035750035936e-05,1000,-0.032432418492855754,0.0457210260103254,50.7,0.0,False,typical (within central 95% of independent stratified draws)
bbq_v,qwen3_vl_30b_a3b,M4 smallest rep4,smallest,bias_cond_severity,-10.81344537815126,10.81344537815126,1000,-12.840638360607402,13.768846288515398,5.3,90.2,False,typical (within central 95% of independent stratified draws)
bbq_v,qwen3_vl_30b_a3b,M4 smallest rep4,smallest,reasoning_quality,2.2198269698269684,2.2198269698269684,1000,-2.392198691967285,2.0238960415724208,98.6,95.19999999999999,True,atypical (outside central 95% of independent stratified draws)
bbq_v,qwen3_vl_30b_a3b,M4 smallest rep5,smallest,accuracy,0.0026812526812527,0.0026812526812527,1000,-0.05313692752102607,0.039622664065339264,54.400000000000006,9.9,False,typical (within central 95% of independent stratified draws)
bbq_v,qwen3_vl_30b_a3b,M4 smallest rep5,smallest,bias_score,-0.6449663949663953,0.6449663949663953,1000,-1.3536396792293022,1.8499536810907289,22.1,54.1,False,typical (within central 95% of independent stratified draws)
bbq_v,qwen3_vl_30b_a3b,M4 smallest rep5,smallest,bias_present_rate,-0.0119405119405119,0.0119405119405119,1000,-0.032432418492855754,0.0457210260103254,27.6,45.300000000000004,False,typical (within central 95% of independent stratified draws)
bbq_v,qwen3_vl_30b_a3b,M4 smallest rep5,smallest,bias_cond_severity,-4.363445378151262,4.363445378151262,1000,-12.840638360607402,13.768846288515398,27.1,47.9,False,typical (within central 95% of independent stratified draws)
bbq_v,qwen3_vl_30b_a3b,M4 smallest rep5,smallest,reasoning_quality,-0.851601601601601,0.851601601601601,1000,-2.392198691967285,2.0238960415724208,24.4,55.300000000000004,False,typical (within central 95% of independent stratified draws)
