dataset,model,fraction,metric,n_draws,mean_signed_error,sd_signed_error,mae,rmse,median_abs_error,p90_abs_error,p95_abs_error,p99_abs_error,max_abs_error,signed_error_p2_5,signed_error_p97_5
bbq,qwen25_vl_7b,75%,accuracy,1000,-0.0005173333333333348,0.004360969036788579,0.0035579999999999974,0.0043893811257017384,0.0030000000000000027,0.007000000000000006,0.008333333333333304,0.010333333333333306,0.014333333333333309,-0.008333333333333304,0.008333333333333304
bbq,qwen25_vl_7b,75%,bias_score,1000,0.03142933333333338,0.22643342212764045,0.18452333333333334,0.22849206891171417,0.15700000000000003,0.3742333333333332,0.4418333333333333,0.5627033333333331,0.7305000000000001,-0.40019999999999967,0.46390000000000015
bbq,qwen25_vl_7b,75%,bias_present_rate,1000,0.0007779999999999998,0.0047624056545752,0.0038836666666666668,0.004823184747768958,0.003166666666666665,0.008166666666666655,0.009500000000000008,0.011833333333333335,0.015500000000000014,-0.008499999999999994,0.010166666666666657
bbq,qwen25_vl_7b,75%,bias_cond_severity,1000,0.016257381519882635,1.011802850816264,0.8057471174527114,1.01142748942516,0.6692818020914935,1.6851778542742424,2.0141571635983113,2.5982854143973344,3.3292254733218556,-2.0630642285580096,1.9198310633839701
bbq,qwen25_vl_7b,75%,reasoning_quality,1000,-0.01249733333333461,0.18659776778421863,0.14959200000000009,0.18692268871262152,0.125,0.30846666666667066,0.355033333333337,0.4956733333333315,0.6243333333333396,-0.3570666666666661,0.3497499999999973
bbq,qwen25_vl_7b,50%,accuracy,1000,0.0002260000000000002,0.007561620335754911,0.006028000000000005,0.007561216833288152,0.0050000000000000044,0.01200000000000001,0.014049999999999967,0.019010000000000006,0.027000000000000024,-0.014000000000000012,0.015000000000000013
bbq,qwen25_vl_7b,50%,bias_score,1000,-0.009463999999999965,0.38554732451859064,0.309084,0.38547069927557404,0.2605000000000004,0.6289,0.7407999999999997,0.9734999999999996,1.3644999999999996,-0.7720749999999996,0.7195999999999999
bbq,qwen25_vl_7b,50%,bias_present_rate,1000,-0.0005209999999999979,0.008135277606925393,0.006535000000000002,0.008147883160674312,0.005500000000000005,0.013499999999999998,0.015500000000000014,0.020509999999999994,0.028499999999999998,-0.0165,0.014500000000000013
bbq,qwen25_vl_7b,50%,bias_cond_severity,1000,0.07491234054451416,1.8220660686490133,1.4583161317878162,1.8226948983659899,1.2688519477648477,3.042005861282968,3.5181021947040114,4.611310230669773,6.310160997974201,-3.4516115544026156,3.584978821536146
bbq,qwen25_vl_7b,50%,reasoning_quality,1000,0.00594699999999888,0.3163213324712333,0.2516010000000002,0.3162190585654194,0.21599999999999397,0.5213000000000009,0.6271499999999952,0.8120199999999977,1.0289999999999964,-0.6021250000000038,0.6383500000000049
bbq,qwen25_vl_7b,37%,accuracy,1000,-0.0004959893048128477,0.010041897561298984,0.00798484491978611,0.010049122962501732,0.00664705882352945,0.016080213903743257,0.020016042780748644,0.02543850267379677,0.03345989304812835,-0.020016042780748644,0.018754010695187118
bbq,qwen25_vl_7b,37%,bias_score,1000,0.018080213903743356,0.5195565017232667,0.4175889572192514,0.5196113101725569,0.3473877005347594,0.8444572192513373,1.0006631016042782,1.2751616577540101,1.8805534759358293,-0.9626617647058824,1.0050521390374332
bbq,qwen25_vl_7b,37%,bias_present_rate,1000,0.00037165775401069677,0.011102355593876822,0.008907048128342247,0.011103025124679821,0.00785294117647059,0.01854812834224598,0.02155882352941177,0.026906417112299463,0.03726470588235295,-0.02022192513368984,0.02255882352941177
bbq,qwen25_vl_7b,37%,bias_cond_severity,1000,0.019061873222384538,2.3187698743452434,1.8382984717414819,2.317688588109203,1.5207685959197477,3.81129061701351,4.444678120376241,6.319669177351253,8.202331063383973,-4.428670997766575,4.493137127457196
bbq,qwen25_vl_7b,37%,reasoning_quality,1000,-0.02283556149732729,0.42979796428319456,0.34537877005347584,0.43018952414113293,0.2867647058823479,0.70743315508021,0.837018716577546,1.0576470588235338,1.3582085561497337,-0.8528943850267439,0.7866778074866263
bbq,qwen25_vl_7b,25%,accuracy,1000,0.00010599999999999987,0.01282252631820974,0.010254000000000008,0.012816551798358259,0.009000000000000008,0.02100000000000002,0.02309999999999993,0.03300000000000003,0.05699999999999994,-0.02300000000000002,0.025000000000000022
bbq,qwen25_vl_7b,25%,bias_score,1000,-0.04370599999999996,0.6843848450836563,0.544202,0.6854374136272399,0.4564999999999997,1.1036000000000004,1.3326500000000003,1.86058,2.2565,-1.3515499999999998,1.3006500000000003
bbq,qwen25_vl_7b,25%,bias_present_rate,1000,-0.0014759999999999988,0.014080542805079841,0.011286000000000001,0.014150689029160383,0.009500000000000008,0.023499999999999993,0.028499999999999998,0.03450999999999999,0.0445,-0.028499999999999998,0.027499999999999997
bbq,qwen25_vl_7b,25%,bias_cond_severity,1000,0.050623420345834544,3.154067139476873,2.5349115868745384,3.1528961466396264,2.1608656849620687,5.072988640560588,5.961881603129733,7.973834037448498,12.338713343941805,-5.962778052441701,5.9395655814045645
bbq,qwen25_vl_7b,25%,reasoning_quality,1000,0.01926199999999875,0.5594142576549761,0.44357200000000024,0.5594661669842067,0.37300000000000466,0.8934000000000013,1.1315,1.4990599999999952,2.135000000000005,-1.0730500000000074,1.1578999999999957
bbq,qwen25_vl_7b,smallest,accuracy,1000,0.0036774193548386822,0.019204399898687392,0.015847806451612885,0.019543888548714604,0.014000000000000012,0.030354838709677368,0.038193548387096765,0.05029032258064514,0.06261290322580648,-0.03416129032258064,0.042451612903225744
bbq,qwen25_vl_7b,smallest,bias_score,1000,-0.05432661290322577,1.0397363539111304,0.824526935483871,1.040635389955725,0.6713709677419355,1.7113838709677418,2.02696129032258,2.8284109677419345,4.275822580645162,-1.8656088709677416,2.171084677419355
bbq,qwen25_vl_7b,smallest,bias_present_rate,1000,-0.0033467741935483877,0.021635111616109825,0.01758309677419355,0.02188174750995656,0.015629032258064515,0.035790322580645156,0.04082258064516128,0.05695161290322581,0.08920967741935484,-0.039822580645161296,0.04082258064516128
bbq,qwen25_vl_7b,smallest,bias_cond_severity,1000,0.50515976496713,4.723752502930884,3.766635003546758,4.748337631148241,3.1845197004233157,7.693631669535282,9.471400205283608,12.117300007483347,21.922439759036145,-8.300444856348472,10.124501971017713
bbq,qwen25_vl_7b,smallest,reasoning_quality,1000,0.09536290322580551,0.8708423078589504,0.7023396774193548,0.875615236358756,0.6108870967741922,1.4256451612903192,1.7205806451612888,2.316295161290319,3.1670967741935527,-1.7518749999999983,1.696108870967734
bbq,qwen3_vl_30b_a3b,75%,accuracy,1000,-0.00037599999999999987,0.00471186954440511,0.003753333333333337,0.004724498797638636,0.0033333333333332993,0.007333333333333303,0.009333333333333305,0.012006666666666672,0.016000000000000014,-0.009333333333333305,0.009333333333333305
bbq,qwen3_vl_30b_a3b,75%,bias_score,1000,0.023715903734611608,0.2525162865435041,0.20368284976577683,0.25350178418445246,0.17553439828653516,0.41660938160874983,0.48253906806638824,0.6124059094256928,1.017585459396365,-0.47026279984555314,0.4877926704679897
bbq,qwen3_vl_30b_a3b,75%,bias_present_rate,1000,0.0007035897183637451,0.00493810466827971,0.003964788942836996,0.004985532201175533,0.003430715357678832,0.008195225030794256,0.01019655925360946,0.012486069165336509,0.02056928464232116,-0.009149671566937578,0.01076404869101219
bbq,qwen3_vl_30b_a3b,75%,bias_cond_severity,1000,-0.03579160540700614,0.9456932635770136,0.7616330911462802,0.9458976963941601,0.6628098041900579,1.5494092068720355,1.8256916821130282,2.3633287753215173,3.398348709720551,-1.9288119746935788,1.6679932322359607
bbq,qwen3_vl_30b_a3b,75%,reasoning_quality,1000,-0.0036259999999941643,0.18340530425707338,0.14631899999999978,0.18334943686851066,0.12650000000000006,0.29419999999998936,0.3579166666666786,0.461170000000004,0.7118333333333453,-0.3455833333333345,0.3813000000000058
bbq,qwen3_vl_30b_a3b,50%,accuracy,1000,0.00027100000000000024,0.008223575024658454,0.006577000000000006,0.008223928501634734,0.006000000000000005,0.013000000000000012,0.016000000000000014,0.02100000000000002,0.027000000000000024,-0.016000000000000014,0.016000000000000014
bbq,qwen3_vl_30b_a3b,50%,bias_score,1000,-0.006563814751719961,0.43915939097131773,0.34785137641042746,0.4389888305774024,0.2948993993993998,0.7160177185689943,0.8477697937306984,1.1827344308891174,1.4472521260630309,-0.8586315054424108,0.8411682943573889
bbq,qwen3_vl_30b_a3b,50%,bias_present_rate,1000,-0.00018694029797681076,0.008890478258269793,0.007088748718703694,0.008887998072238472,0.0064307153576788345,0.014569284642321156,0.01756928464232116,0.021579284642321138,0.030569284642321157,-0.017451191549228057,0.017586871513835006
bbq,qwen3_vl_30b_a3b,50%,bias_cond_severity,1000,-0.004792731843837729,1.6497121845738192,1.3067927929221168,1.6488940875380438,1.1416225996169587,2.6989801859954436,3.1969477435369713,4.444514414273012,6.3440689047443115,-3.1933482175206405,3.196722300702833
bbq,qwen3_vl_30b_a3b,50%,reasoning_quality,1000,0.011742000000006058,0.32763385872247897,0.262895,0.3276804479977407,0.22449999999999193,0.5287000000000077,0.6319000000000028,0.8447600000000104,1.0094999999999885,-0.5994999999999919,0.6557250000000033
bbq,qwen3_vl_30b_a3b,37%,accuracy,1000,-0.0006978609625668406,0.010789389314240333,0.008607657754010683,0.010806549901589496,0.00702673796791442,0.017105882352941196,0.02104812834224601,0.028430481283422404,0.039764705882352924,-0.021732620320855656,0.019711229946524078
bbq,qwen3_vl_30b_a3b,37%,bias_score,1000,0.02853511917460376,0.578966605258124,0.4626365089047541,0.5793801694055649,0.3945530803257151,0.9837911731782387,1.1584210264400294,1.4129901764804758,2.0572452001401764,-1.1366262303232095,1.1897986760760064
bbq,qwen3_vl_30b_a3b,37%,bias_present_rate,1000,0.0006078570796469309,0.011475692798551406,0.009109151869744692,0.01148604909926798,0.007553241861572496,0.019184726052866002,0.023195421240031794,0.028798329162648448,0.04191199878013874,-0.0209517557030346,0.023439982372261203
bbq,qwen3_vl_30b_a3b,37%,bias_cond_severity,1000,0.006630757010359574,2.1541658442801968,1.710770512781221,2.153098702130787,1.4370435911000072,3.595736830928463,4.23247304953871,5.458658339350176,6.431039563839974,-4.217549067607753,4.323156068460686
bbq,qwen3_vl_30b_a3b,37%,reasoning_quality,1000,-0.030744652406411176,0.41723884554055984,0.330548470588235,0.4181619299091946,0.27606951871657515,0.6948598930481368,0.7958895721925117,1.1001204812834335,1.8078957219251208,-0.8841323529411653,0.7563088235294231
bbq,qwen3_vl_30b_a3b,25%,accuracy,1000,-0.0003340000000000003,0.013863500302616254,0.011102000000000011,0.013860591617964954,0.010000000000000009,0.02200000000000002,0.026000000000000023,0.03600000000000003,0.04600000000000004,-0.026000000000000023,0.026000000000000023
bbq,qwen3_vl_30b_a3b,25%,bias_score,1000,-0.022779352515937084,0.7859253555128858,0.6268839843027726,0.7858625100325521,0.49299799599198435,1.2782521260630313,1.532680220069954,1.9723185352596144,3.017747873936969,-1.4501940098305663,1.6041540863618187
bbq,qwen3_vl_30b_a3b,25%,bias_present_rate,1000,-0.000744835744525564,0.015940802837700115,0.012661641305622747,0.01595023091374042,0.010569284642321153,0.026344835744525563,0.03143071535767886,0.04143071535767884,0.05143071535767885,-0.030569284642321157,0.0317713967204043
bbq,qwen3_vl_30b_a3b,25%,bias_cond_severity,1000,0.012807620894036958,2.8653537193677936,2.3122271207212335,2.8639493222315786,1.9973128243143066,4.86069954526521,5.499101545866888,6.863548162785171,10.139932108411017,-5.651369486736776,5.427797602409881
bbq,qwen3_vl_30b_a3b,25%,reasoning_quality,1000,0.0007360000000056033,0.5452409008355331,0.4293059999999999,0.5449687091934726,0.34949999999999193,0.8801999999999951,1.0735499999999958,1.477579999999992,1.9194999999999993,-1.1358499999999931,1.0307500000000034
bbq,qwen3_vl_30b_a3b,smallest,accuracy,1000,0.0033830645161290348,0.021957719927972897,0.018079903225806437,0.022205955248337194,0.015096774193548379,0.03732258064516125,0.04332258064516126,0.055419354838709634,0.07154838709677425,-0.04135483870967738,0.04332258064516126
bbq,qwen3_vl_30b_a3b,smallest,bias_score,1000,-0.04606025914387233,1.179890487540254,0.9517865823257063,1.1801995460504935,0.8328811583210958,1.8994208797947356,2.2100401305034127,3.119365805241658,5.052199486840195,-2.0687682550952893,2.419430860093427
bbq,qwen3_vl_30b_a3b,smallest,bias_present_rate,1000,-0.0024690822131713582,0.023792409722379802,0.019243711887940836,0.02390834683980878,0.01760154270683728,0.03885007019638853,0.04691458632542078,0.05579518577690305,0.09126942503509819,-0.04582734915845019,0.04691458632542078
bbq,qwen3_vl_30b_a3b,smallest,bias_cond_severity,1000,0.2953058488309077,4.413590382829003,3.5395372462062054,4.421256137308379,2.981168002113236,7.245402242775575,8.358327703534803,11.24497833935018,14.669390081702453,-8.193345190061585,9.494414150160988
bbq,qwen3_vl_30b_a3b,smallest,reasoning_quality,1000,0.08369758064516707,0.8798841239479251,0.7031624516129036,0.8834178855501436,0.5945322580645183,1.4816290322580699,1.7209693548387057,2.292278709677426,2.836919354838699,-1.6922620967741866,1.7680201612903235
bbq_v,qwen25_vl_7b,75%,accuracy,1000,0.00028226830743401397,0.006897315039552252,0.005485665666302415,0.006899641816606172,0.004609271523178804,0.011341412743601566,0.013169198099130376,0.017899441678406375,0.025162679368286756,-0.012556534884004433,0.014317856319702317
bbq_v,qwen25_vl_7b,75%,bias_score,1000,-0.013214012366347958,0.2212182697687358,0.17620386077906672,0.2215021342547554,0.15346459362588405,0.36253267143848117,0.4369229104777186,0.5649296190215706,0.7357536344291313,-0.4943542931981271,0.39454706141121243
bbq_v,qwen25_vl_7b,75%,bias_present_rate,1000,-0.0002746934805840345,0.005033844111668311,0.004033686565145548,0.005038819649710885,0.0034606034606034647,0.008127651943441418,0.00960605967506377,0.012598788927215603,0.017282182845096743,-0.010573430749371232,0.00895753973102343
bbq_v,qwen25_vl_7b,75%,bias_cond_severity,1000,-0.042373397729447634,1.4057483550671552,1.131859776551118,1.4056841089559835,1.0137164265048213,2.240067636249903,2.7295478191276468,3.7461101943527693,4.95204081632653,-2.733778565872805,2.6512745958598485
bbq_v,qwen25_vl_7b,75%,reasoning_quality,1000,-0.006668035782309588,0.3572831684322333,0.28714996647463087,0.3571667312106837,0.25118082804650044,0.5831208397691711,0.6802074234313852,0.9106129532815134,1.2049331210405114,-0.706825007223042,0.6739868478740375
bbq_v,qwen25_vl_7b,50%,accuracy,1000,-0.00024102315098524385,0.011860886108955707,0.00938344569878759,0.011857404051040838,0.007730363499594273,0.01984700838828283,0.023627128741644847,0.030105328894698982,0.03402689858901675,-0.025789452392275015,0.022268165175981465
bbq_v,qwen25_vl_7b,50%,bias_score,1000,0.02439198065641015,0.3892755480680912,0.3198061160586309,0.3898446941946649,0.27926928510338866,0.6392469808673144,0.7364388017944049,0.9541856164948953,1.0971159839084366,-0.7263972116212004,0.7480344391659451
bbq_v,qwen25_vl_7b,50%,bias_present_rate,1000,0.000373932736964796,0.00861218502775331,0.006973961122240715,0.00861599599077669,0.00606352320061998,0.014222407455325504,0.016691496632614034,0.021111843186806076,0.030200011332086815,-0.015661305401189787,0.017526352446295374
bbq_v,qwen25_vl_7b,50%,bias_cond_severity,1000,0.10412364204705091,2.4172243951349826,1.9543320803785225,2.418258161465064,1.7033228676085805,3.9657523892357514,4.649599956111474,6.174793065252419,8.696243714877255,-4.715127670786625,4.55115387927323
bbq_v,qwen25_vl_7b,50%,reasoning_quality,1000,-0.014344554989457237,0.64803656954427,0.5167560521602385,0.6478712914839524,0.4422295647766106,1.0742636503532892,1.2790315315315393,1.6873413100216885,1.9647349212566496,-1.2883602653460164,1.2622069715005613
bbq_v,qwen25_vl_7b,37%,accuracy,1000,0.00039936775242388077,0.014929253900413641,0.011883277095378463,0.014927130802758749,0.010364291972770778,0.02387566097765891,0.028433713459586875,0.03953729209979209,0.05990990990990985,-0.029497460219598502,0.02820106421625757
bbq_v,qwen25_vl_7b,37%,bias_score,1000,-0.005176528832383685,0.4876309899850803,0.3894291438698851,0.48741460263536235,0.3355705188662004,0.7734300300300296,0.9506353088079043,1.291028171028171,1.7237237237237237,-0.9155451436130952,0.9600593436948397
bbq_v,qwen25_vl_7b,37%,bias_present_rate,1000,-0.0001132347522966739,0.010967772074431042,0.008738638252963728,0.010962871629346047,0.007342820273854758,0.017600233653190054,0.021579233950932055,0.029028074778074786,0.03723723723723725,-0.02088065255036057,0.02248289126739062
bbq_v,qwen25_vl_7b,37%,bias_cond_severity,1000,-0.041357400256840295,3.1427190536584084,2.526076401096522,3.141419552007242,2.211167800453513,4.94696211622479,6.027827529613236,8.256071428571426,11.006802721088434,-6.026472634508344,6.007595883180855
bbq_v,qwen25_vl_7b,37%,reasoning_quality,1000,0.006606445579842273,0.8066551674804794,0.6420193155281511,0.8062788052447718,0.5302419354838648,1.3071000412176859,1.6134489112400068,1.9927521770064214,2.6197055365992696,-1.573294453090953,1.613398893215493
bbq_v,qwen25_vl_7b,25%,accuracy,1000,0.000684859851773474,0.019917958127795652,0.01600022810016662,0.019919773190004236,0.013869600826122652,0.03246739553245993,0.03878482525370385,0.05151581299646583,0.06992968578334424,-0.039389470720720784,0.03799073155986107
bbq_v,qwen25_vl_7b,25%,bias_score,1000,-0.017733692086453666,0.6459879874224984,0.5182544680719805,0.6459084015936725,0.4419301250644798,1.0709937313450966,1.2468773156273152,1.5705018575710807,1.9210718983446258,-1.1875385746211329,1.2843157717082008
bbq_v,qwen25_vl_7b,25%,bias_present_rate,1000,-0.0005412390472432797,0.014322701366038531,0.011542812305716807,0.014325766100022787,0.010295350892095913,0.023986857246280743,0.02811902811902811,0.035574785694785685,0.045118289020728036,-0.027604908528502742,0.028313218879256627
bbq_v,qwen25_vl_7b,25%,bias_cond_severity,1000,-0.04784351777691056,4.229705398076624,3.3789378165728126,4.227860729607502,2.811964097678384,7.003410311493022,8.075938981653268,11.451464237516872,13.41647770219199,-7.802509566326528,8.130312124849944
bbq_v,qwen25_vl_7b,25%,reasoning_quality,1000,-0.00585870352381616,1.0575297615403365,0.84269989961995,1.0570171009751912,0.7117378715407838,1.7420865092576108,2.047241251909927,2.796804924924926,3.4233353353353237,-2.128740590284529,1.9440768487643558
bbq_v,qwen25_vl_7b,smallest,accuracy,1000,-0.0019313880801658913,0.029027806639643553,0.02309346425988913,0.029077503411854888,0.019201596806387222,0.04738817077947519,0.05705705705705699,0.08082251326255505,0.10167310167310173,-0.062061600160915296,0.051444937608552135
bbq_v,qwen25_vl_7b,smallest,bias_score,1000,0.025490147765436733,0.9508812369857557,0.7578697147376576,0.9507474424671427,0.6417479202805292,1.53473830973831,1.838125903184043,2.4064869346958897,4.196696696696696,-1.631625602751933,2.0543299964954884
bbq_v,qwen25_vl_7b,smallest,bias_present_rate,1000,0.0011616046180680437,0.021244488554742032,0.016848147861838834,0.021265612874952128,0.014440510933468681,0.034979058005373806,0.0402940036811004,0.056067452067452055,0.08056176477229109,-0.03842210394944769,0.044849915705178864
bbq_v,qwen25_vl_7b,smallest,bias_cond_severity,1000,-0.4551629995951388,6.009020757122693,4.7541399031489835,6.023237956886006,3.817142857142855,9.798189068730942,11.901641526175686,16.464652777777776,21.89795918367347,-11.979278667988932,11.681292517006801
bbq_v,qwen25_vl_7b,smallest,reasoning_quality,1000,-0.0812915500095799,1.5117390587694335,1.2078698599850404,1.5131681806495416,1.0158966033966053,2.5093866893208983,2.92952611291218,3.712223578670941,4.9307551826635745,-3.0407029092851245,2.7819791233385667
bbq_v,qwen3_vl_30b_a3b,75%,accuracy,1000,0.0002257272848393721,0.00550106693186743,0.004364371832287219,0.005502947252029353,0.003765113118620711,0.009180440282802516,0.01051513510603517,0.014566611315579677,0.017184979295940095,-0.01000079032933052,0.010980546144759167
bbq_v,qwen3_vl_30b_a3b,75%,bias_score,1000,-0.010239072850089773,0.2069708906422579,0.16369596038854492,0.20712062001767395,0.1349808393014198,0.3415581173590991,0.41342754329626863,0.541205349145813,0.6075581510364123,-0.446621775430724,0.3687209094557787
bbq_v,qwen3_vl_30b_a3b,75%,bias_present_rate,1000,-0.0002731013893837988,0.0046929098488357685,0.003817171925484306,0.004698506551589964,0.0033633091819830693,0.0077924299495030465,0.008976548250271103,0.011456967485574733,0.014520395068697935,-0.009493704822901407,0.008654024932162725
bbq_v,qwen3_vl_30b_a3b,75%,bias_cond_severity,1000,-0.019924446906339398,1.6785020866289146,1.3135487299169386,1.6777809359828018,1.0758781738501852,2.8003376666234487,3.336606056215591,4.505920716112532,6.7906605680246805,-3.547112044817925,3.177811068168478
bbq_v,qwen3_vl_30b_a3b,75%,reasoning_quality,1000,0.012857592141357628,0.2779307844730115,0.22598656493098923,0.2780891819407927,0.19696707359823762,0.4446678890811299,0.5276757167073484,0.7258276224942941,0.8973515911604721,-0.4983588165831257,0.5339086188703606
bbq_v,qwen3_vl_30b_a3b,50%,accuracy,1000,-0.0005305399915756909,0.009791281819571554,0.007735449106565838,0.009800755233820672,0.006649506649506698,0.015671921921921905,0.019016042741770833,0.026432485334356052,0.035169785169785195,-0.01926969563678727,0.01815497278980423
bbq_v,qwen3_vl_30b_a3b,50%,bias_score,1000,0.014629923036207165,0.35249367315448077,0.28286930001351634,0.3526210040147486,0.24646802040191962,0.5731869233324385,0.6928987483863192,0.8951243768013705,1.3627536627536627,-0.6714974767156535,0.7118186335699969
bbq_v,qwen3_vl_30b_a3b,50%,bias_present_rate,1000,0.00018688551998583965,0.007916459091942246,0.006306765262884442,0.007914706591366547,0.005526141452714885,0.012875449441108962,0.015020272373213552,0.020835803617157676,0.027838814424180285,-0.01438130555995458,0.015877018359809356
bbq_v,qwen3_vl_30b_a3b,50%,bias_cond_severity,1000,0.07312729585182515,2.768868750308768,2.197421019193692,2.768449949643049,1.827922077922075,4.600677998472114,5.631767958796421,7.376162464985996,8.561993218339964,-5.919933633830894,5.194577009908438
bbq_v,qwen3_vl_30b_a3b,50%,reasoning_quality,1000,-0.02043896518794706,0.4574076834967809,0.3584912851324586,0.4576355738258593,0.30927234234876977,0.7521979665295206,0.9234679056937465,1.1806333476333464,1.5946571571571582,-0.9377385650710284,0.9004792064792099
bbq_v,qwen3_vl_30b_a3b,37%,accuracy,1000,0.00012827834074827116,0.011853385208269613,0.009573816881412454,0.01184815147976402,0.008417372596477068,0.019426184484819913,0.022958871318791364,0.029253735241743982,0.04346888324788878,-0.022976031774044052,0.022663247899182618
bbq_v,qwen3_vl_30b_a3b,37%,bias_score,1000,-0.005611086456684953,0.42003851214364435,0.33806162280272306,0.41986593529766975,0.2863683951815228,0.676904481011624,0.8021052270251808,1.105649599217538,1.6007329318847643,-0.7754486293986294,0.8416275154000206
bbq_v,qwen3_vl_30b_a3b,37%,bias_present_rate,1000,-0.00022854543392997767,0.009648077553724455,0.007734214344460046,0.009645960195728012,0.006647140097844326,0.015777405265896317,0.01817248190744282,0.026077303823160182,0.035990178660335735,-0.018428880337177475,0.017890740783689865
bbq_v,qwen3_vl_30b_a3b,37%,bias_cond_severity,1000,0.016514858549046583,3.550552663256936,2.8154867781151522,3.548815370077634,2.3568664307828406,5.794574484339192,6.875732111026223,9.815455720749839,13.507766743060863,-6.615945378151261,7.030385790679909
bbq_v,qwen3_vl_30b_a3b,37%,reasoning_quality,1000,0.0031980512909249937,0.5776985300513734,0.46323046308042237,0.5774184648623159,0.4104782014812187,0.9651589261344341,1.0868620064602483,1.425232749450649,1.8036536536536545,-1.1217982834940603,1.0609771139244955
bbq_v,qwen3_vl_30b_a3b,25%,accuracy,1000,0.00017728162917441447,0.01610533235964411,0.01291156209778766,0.016098253863702977,0.010899150581175299,0.026341027358891878,0.032054228705693195,0.03980949650582228,0.05368783417563905,-0.03281163535051593,0.030711435119329836
bbq_v,qwen3_vl_30b_a3b,25%,bias_score,1000,-0.009691666865258398,0.5794116829402642,0.4681327367946867,0.5792029944984476,0.40939313056809934,0.9454127609583021,1.1581714042428326,1.434730088550088,1.9046851729778553,-1.024385014265967,1.2559658398608995
bbq_v,qwen3_vl_30b_a3b,25%,bias_present_rate,1000,2.5378843710775215e-05,0.013039603164397973,0.010542608510323712,0.013033106441673862,0.009188432835820898,0.021098021098021093,0.02481142987472101,0.03243593654854364,0.03844044044044045,-0.023270006493812202,0.026787681255552746
bbq_v,qwen3_vl_30b_a3b,25%,bias_cond_severity,1000,-0.3194295984648422,4.698252111136275,3.7577467269653675,4.706754146465703,3.204761904761906,7.8472549019607865,8.922113628059916,12.308665634674918,16.113445378151262,-8.801466211484595,9.073907994282749
bbq_v,qwen3_vl_30b_a3b,25%,reasoning_quality,1000,-0.009487927475168575,0.7828902799897642,0.6171182606359723,0.782556256175697,0.5167182167235467,1.270300521924135,1.5025280384496424,2.168745135860096,2.8224346795775404,-1.5643228616893672,1.4721773587503661
bbq_v,qwen3_vl_30b_a3b,smallest,accuracy,1000,-0.0015335168419974483,0.024424525098392914,0.01954406274146756,0.024460428098470256,0.017084696474009453,0.03915666027373645,0.04864478809684282,0.06818450695593556,0.08741487966840078,-0.05313692752102607,0.039622664065339264
bbq_v,qwen3_vl_30b_a3b,smallest,bias_score,1000,0.04272780180035406,0.839782067214641,0.6742809165337605,0.8404488988282219,0.5779696853204461,1.3384263935742997,1.570397602795162,2.231215048533312,2.9230230230230227,-1.3536396792293022,1.8499536810907289
bbq_v,qwen3_vl_30b_a3b,smallest,bias_present_rate,1000,0.001147505955347863,0.019524533484779845,0.015578876074316255,0.0195484774421961,0.013225250567022721,0.03198036678426255,0.038875438489080566,0.0499330858728669,0.06725203464333901,-0.032432418492855754,0.0457210260103254
bbq_v,qwen3_vl_30b_a3b,smallest,bias_cond_severity,1000,-0.18945516821859865,6.815282265146672,5.430262386802975,6.8145078723289965,4.565909090909091,10.624556489262375,13.48655462184874,18.617176470588234,26.47058823529412,-12.840638360607402,13.768846288515398
bbq_v,qwen3_vl_30b_a3b,smallest,reasoning_quality,1000,-0.07359433169620547,1.1489791532470255,0.9137228077304058,1.1507602127113479,0.7636574700482726,1.8714755329302564,2.1867168350522808,3.0278208861232945,4.153732499622905,-2.392198691967285,2.0238960415724208
