dataset,model,fraction,metric,n_draws,pct_within_0.005,pct_within_0.01,pct_within_0.02,pct_within_0.5,pct_within_1.0,pct_within_2.0,pct_within_0.25
bbq,qwen25_vl_7b,75%,accuracy,1000,69.8,98.6,100.0,,,,
bbq,qwen25_vl_7b,75%,reasoning_quality,1000,,,,99.1,100.0,100.0,
bbq,qwen25_vl_7b,75%,bias_score,1000,,,,97.8,100.0,,71.89999999999999
bbq,qwen25_vl_7b,75%,bias_present_rate,1000,70.0,96.39999999999999,100.0,,,,
bbq,qwen25_vl_7b,50%,accuracy,1000,44.1,79.9,99.0,,,,
bbq,qwen25_vl_7b,50%,reasoning_quality,1000,,,,88.0,99.8,100.0,
bbq,qwen25_vl_7b,50%,bias_score,1000,,,,80.10000000000001,99.3,,47.599999999999994
bbq,qwen25_vl_7b,50%,bias_present_rate,1000,45.4,77.4,98.7,,,,
bbq,qwen25_vl_7b,37%,accuracy,1000,37.5,67.9,94.6,,,,
bbq,qwen25_vl_7b,37%,reasoning_quality,1000,,,,74.0,98.0,100.0,
bbq,qwen25_vl_7b,37%,bias_score,1000,,,,65.8,94.89999999999999,,35.5
bbq,qwen25_vl_7b,37%,bias_present_rate,1000,31.6,63.3,93.5,,,,
bbq,qwen25_vl_7b,25%,accuracy,1000,23.1,56.3,89.2,,,,
bbq,qwen25_vl_7b,25%,reasoning_quality,1000,,,,63.6,93.10000000000001,99.9,
bbq,qwen25_vl_7b,25%,bias_score,1000,,,,53.1,85.8,,30.0
bbq,qwen25_vl_7b,25%,bias_present_rate,1000,27.700000000000003,52.6,82.69999999999999,,,,
bbq,qwen25_vl_7b,smallest,accuracy,1000,15.1,36.0,69.19999999999999,,,,
bbq,qwen25_vl_7b,smallest,reasoning_quality,1000,,,,41.8,75.7,97.7,
bbq,qwen25_vl_7b,smallest,bias_score,1000,,,,37.9,67.9,,17.2
bbq,qwen25_vl_7b,smallest,bias_present_rate,1000,21.8,33.6,64.7,,,,
bbq,qwen3_vl_30b_a3b,75%,accuracy,1000,70.6,95.39999999999999,100.0,,,,
bbq,qwen3_vl_30b_a3b,75%,reasoning_quality,1000,,,,99.5,100.0,100.0,
bbq,qwen3_vl_30b_a3b,75%,bias_score,1000,,,,96.1,99.9,,65.3
bbq,qwen3_vl_30b_a3b,75%,bias_present_rate,1000,68.10000000000001,94.69999999999999,99.9,,,,
bbq,qwen3_vl_30b_a3b,50%,accuracy,1000,40.699999999999996,75.1,98.3,,,,
bbq,qwen3_vl_30b_a3b,50%,reasoning_quality,1000,,,,87.8,99.9,100.0,
bbq,qwen3_vl_30b_a3b,50%,bias_score,1000,,,,74.0,97.5,,43.9
bbq,qwen3_vl_30b_a3b,50%,bias_present_rate,1000,43.2,73.3,98.3,,,,
bbq,qwen3_vl_30b_a3b,37%,accuracy,1000,33.1,65.0,94.19999999999999,,,,
bbq,qwen3_vl_30b_a3b,37%,reasoning_quality,1000,,,,77.2,98.4,100.0,
bbq,qwen3_vl_30b_a3b,37%,bias_score,1000,,,,62.0,90.5,,33.4
bbq,qwen3_vl_30b_a3b,37%,bias_present_rate,1000,37.6,61.7,92.0,,,,
bbq,qwen3_vl_30b_a3b,25%,accuracy,1000,28.499999999999996,47.599999999999994,83.2,,,,
bbq,qwen3_vl_30b_a3b,25%,reasoning_quality,1000,,,,65.3,93.2,100.0,
bbq,qwen3_vl_30b_a3b,25%,bias_score,1000,,,,50.6,78.5,,23.3
bbq,qwen3_vl_30b_a3b,25%,bias_present_rate,1000,25.0,48.4,78.0,,,,
bbq,qwen3_vl_30b_a3b,smallest,accuracy,1000,13.200000000000001,31.900000000000002,62.6,,,,
bbq,qwen3_vl_30b_a3b,smallest,reasoning_quality,1000,,,,44.6,73.4,97.8,
bbq,qwen3_vl_30b_a3b,smallest,bias_score,1000,,,,31.3,58.9,,15.6
bbq,qwen3_vl_30b_a3b,smallest,bias_present_rate,1000,14.299999999999999,33.6,57.99999999999999,,,,
bbq_v,qwen25_vl_7b,75%,accuracy,1000,53.800000000000004,85.5,99.4,,,,
bbq_v,qwen25_vl_7b,75%,reasoning_quality,1000,,,,83.89999999999999,99.5,100.0,
bbq_v,qwen25_vl_7b,75%,bias_score,1000,,,,97.2,100.0,,73.9
bbq_v,qwen25_vl_7b,75%,bias_present_rate,1000,67.30000000000001,95.8,100.0,,,,
bbq_v,qwen25_vl_7b,50%,accuracy,1000,34.2,61.0,90.2,,,,
bbq_v,qwen25_vl_7b,50%,reasoning_quality,1000,,,,55.400000000000006,88.0,100.0,
bbq_v,qwen25_vl_7b,50%,bias_score,1000,,,,79.3,99.4,,44.7
bbq_v,qwen25_vl_7b,50%,bias_present_rate,1000,42.3,75.7,98.1,,,,
bbq_v,qwen25_vl_7b,37%,accuracy,1000,26.0,48.1,82.6,,,,
bbq_v,qwen25_vl_7b,37%,reasoning_quality,1000,,,,46.9,78.60000000000001,99.0,
bbq_v,qwen25_vl_7b,37%,bias_score,1000,,,,67.7,95.89999999999999,,39.6
bbq_v,qwen25_vl_7b,37%,bias_present_rate,1000,34.5,64.8,94.0,,,,
bbq_v,qwen25_vl_7b,25%,accuracy,1000,19.0,36.9,68.89999999999999,,,,
bbq_v,qwen25_vl_7b,25%,reasoning_quality,1000,,,,36.0,67.0,94.6,
bbq_v,qwen25_vl_7b,25%,bias_score,1000,,,,55.1,87.3,,31.2
bbq_v,qwen25_vl_7b,25%,bias_present_rate,1000,26.5,48.699999999999996,83.8,,,,
bbq_v,qwen25_vl_7b,smallest,accuracy,1000,13.3,26.6,52.300000000000004,,,,
bbq_v,qwen25_vl_7b,smallest,reasoning_quality,1000,,,,27.1,49.2,80.30000000000001,
bbq_v,qwen25_vl_7b,smallest,bias_score,1000,,,,40.8,69.8,,20.599999999999998
bbq_v,qwen25_vl_7b,smallest,bias_present_rate,1000,19.3,36.6,66.5,,,,
bbq_v,qwen3_vl_30b_a3b,75%,accuracy,1000,63.800000000000004,93.7,100.0,,,,
bbq_v,qwen3_vl_30b_a3b,75%,reasoning_quality,1000,,,,94.0,100.0,100.0,
bbq_v,qwen3_vl_30b_a3b,75%,bias_score,1000,,,,97.7,100.0,,78.4
bbq_v,qwen3_vl_30b_a3b,75%,bias_present_rate,1000,70.39999999999999,96.89999999999999,100.0,,,,
bbq_v,qwen3_vl_30b_a3b,50%,accuracy,1000,40.699999999999996,69.3,96.1,,,,
bbq_v,qwen3_vl_30b_a3b,50%,reasoning_quality,1000,,,,72.7,96.89999999999999,100.0,
bbq_v,qwen3_vl_30b_a3b,50%,bias_score,1000,,,,84.89999999999999,99.4,,51.1
bbq_v,qwen3_vl_30b_a3b,50%,bias_present_rate,1000,45.800000000000004,80.0,98.6,,,,
bbq_v,qwen3_vl_30b_a3b,37%,accuracy,1000,29.9,59.199999999999996,90.8,,,,
bbq_v,qwen3_vl_30b_a3b,37%,reasoning_quality,1000,,,,60.199999999999996,91.5,100.0,
bbq_v,qwen3_vl_30b_a3b,37%,bias_score,1000,,,,76.1,98.2,,44.0
bbq_v,qwen3_vl_30b_a3b,37%,bias_present_rate,1000,39.0,69.39999999999999,96.6,,,,
bbq_v,qwen3_vl_30b_a3b,25%,accuracy,1000,24.2,46.6,78.3,,,,
bbq_v,qwen3_vl_30b_a3b,25%,reasoning_quality,1000,,,,49.0,80.60000000000001,98.6,
bbq_v,qwen3_vl_30b_a3b,25%,bias_score,1000,,,,60.4,91.3,,31.900000000000002
bbq_v,qwen3_vl_30b_a3b,25%,bias_present_rate,1000,28.999999999999996,53.400000000000006,87.6,,,,
bbq_v,qwen3_vl_30b_a3b,smallest,accuracy,1000,15.2,29.9,57.9,,,,
bbq_v,qwen3_vl_30b_a3b,smallest,reasoning_quality,1000,,,,33.800000000000004,62.7,93.10000000000001,
bbq_v,qwen3_vl_30b_a3b,smallest,bias_score,1000,,,,42.3,77.10000000000001,,21.3
bbq_v,qwen3_vl_30b_a3b,smallest,bias_present_rate,1000,19.7,39.0,70.1,,,,
